Workbook

Sheet January
B2: 1 | C2: Statistics Item | D2: Total | F2: North Region | K2: South Region | N2: Market Surveillance | Q2: Border Control | T2: Operations + Admin
C3: Total Cases and/or Complaints (Internal & External) received and closed | D3: Opened | E3: Closed | G3: Opened - Malta | H3: Opened - Gozo | I3: Closed - Malta | J3: Closed - Gozo | L3: Opened | M3: Closed | O3: Opened | P3: Closed | R3: Opened | S3: Closed | U3: Opened | V3: Closed
D4: =SUM(G4,H4,L4,O4,R4,U4) -> 0 | E4: =SUM(I4,J4,M4,P4,S4,V4) -> 0 | G4: =SUM(G5:G34) -> 0 | H4: =SUM(H5:H34) -> 0 | I4: =SUM(I5:I34) -> 0 | J4: =SUM(J5:J34) -> 0 | L4: =SUM(L5:L34) -> 0 | M4: =SUM(M5:M34) -> 0 | O4: =SUM(O5:O10) -> 0 | P4: =SUM(P5:P10) -> 0 | R4: =SUM(R5:R11) -> 0 | S4: =SUM(S5:S11) -> 0 | U4: =SUM(U5:U13) -> 0 | V4: =SUM(V5:V13) -> 0
F5: Waste Management Facilities | G5: 0 | H5: 0 | I5: 0 | J5: 0 | K5: Waste Management Facilities | L5: 0 | M5: 0 | N5: Local Waste Transfers – Waste Carriers | O5: 0 | P5: 0 | Q5: Wildlife trade / Species Protection & Control border movements | R5: 0 | S5: 0 | T5: Development / Development permit related | U5: 0 | V5: 0
F6: Quarries and related Industries | G6: 0 | H6: 0 | I6: 0 | J6: 0 | K6: Quarries and related Industries | L6: 0 | M6: 0 | N6: Shipments of waste | O6: 0 | P6: 0 | Q6: Wildlife Trade / Species Protection & Control excluding border movements | R6: 0 | S6: 0 | T6: AERs - Annual Environment Reports | U6: 0 | V6: 0
F7: Manufacturing operations | G7: 0 | H7: 0 | I7: 0 | J7: 0 | K7: Manufacturing operations | L7: 0 | M7: 0 | N7: Recycling points | O7: 0 | P7: 0 | Q7: GMOs - Genetically Modified Organisms | R7: 0 | S7: 0 | T7: Litter | U7: 0 | V7: 0
F8: Pharmaceutical industry | G8: 0 | H8: 0 | I8: 0 | J8: 0 | K8: Pharmaceutical industry | L8: 0 | M8: 0 | N8: Extended Producer Responsibility | O8: 0 | P8: 0 | Q8: FLEGT - Forest Law Enforcement, Governance and Trade | R8: 0 | S8: 0 | T8: Development Permit Clearances | U8: 0 | V8: 0
F9: Petrol Stations | G9: 0 | H9: 0 | I9: 0 | J9: 0 | K9: Petrol Stations | L9: 0 | M9: 0 | N9: Consignment notes | O9: 0 | P9: 0 | Q9: EUTR/EUDR - EU Timber Regulations / EU Deforestation Regulation | R9: 0 | S9: 0 | T9: Nature Activity Reports | U9: 0 | V9: 0
F10: VOCs - Volatile Organic Compounds | G10: 0 | H10: 0 | I10: 0 | J10: 0 | K10: VOCs - Volatile Organic Compounds | L10: 0 | M10: 0 | N10: Disposal at Sea | O10: 0 | P10: 0 | Q10: SUPs - Movement and Importation | R10: 0 | S10: 0 | T10: CCTVs | U10: 0 | V10: 0
F11: MCPs - Medium Combustion Plants | G11: 0 | H11: 0 | I11: 0 | J11: 0 | K11: MCPs - Medium Combustion Plants | L11: 0 | M11: 0 | Q11: SUPs - Placing on the Market | R11: 0 | S11: 0 | T11: EP Consultations | U11: 0 | V11: 0
C12: ADDITIONAL INFORMATION This data will be collected by CED Operations/Admin: - Cases Opened during reporting year - Cases Closed only during reporting year (including cases opened in years prior to the reporting year) | F12: Maintenance Industries | G12: 0 | H12: 0 | I12: 0 | J12: 0 | K12: Maintenance Industries | L12: 0 | M12: 0 | T12: Strategy / Policy Consultations | U12: 0 | V12: 0
F13: Quarry drone surveys | G13: 0 | H13: 0 | I13: 0 | J13: 0 | K13: Quarry drone surveys | L13: 0 | M13: 0 | T13: Smoking Control on Beaches | U13: 0 | V13: 0
F14: Waste Dumping | G14: 0 | H14: 0 | I14: 0 | J14: 0 | K14: Waste Dumping | L14: 0 | M14: 0 | T14: Not ERA Remit | U14: 0 | V14: 0
F15: Waste Incineration | G15: 0 | H15: 0 | I15: 0 | J15: 0 | K15: Waste Incineration | L15: 0 | M15: 0
F16: Farm operations | G16: 0 | H16: 0 | I16: 0 | J16: 0 | K16: Farm operations | L16: 0 | M16: 0
F17: Aquaculture | G17: 0 | H17: 0 | I17: 0 | J17: 0 | K17: Aquaculture | L17: 0 | M17: 0
F18: COMAH - Control of Major Accident Hazards | G18: 0 | H18: 0 | I18: 0 | J18: 0 | K18: COMAH - Control of Major Accident Hazards | L18: 0 | M18: 0
F19: LCPs, STPs, ROs, NFRP and Port Facilities | G19: 0 | H19: 0 | I19: 0 | J19: 0 | K19: LCPs, STPs, ROs, NFRP and Port Facilities | L19: 0 | M19: 0
F20: Fuel Terminals | G20: 0 | H20: 0 | I20: 0 | J20: 0 | K20: Fuel Terminals | L20: 0 | M20: 0
F21: Construction / Demolition -related marine pollution | G21: 0 | H21: 0 | I21: 0 | J21: 0 | K21: Construction / Demolition -related marine pollution | L21: 0 | M21: 0
F22: Hotels and hospitality | G22: 0 | H22: 0 | I22: 0 | J22: 0 | K22: Hotels and hospitality | L22: 0 | M22: 0
F23: Groundwater (Boreholes) | G23: 0 | H23: 0 | I23: 0 | J23: 0 | K23: Groundwater (Boreholes) | L23: 0 | M23: 0
F24: Sewage in sea | G24: 0 | H24: 0 | I24: 0 | J24: 0 | K24: Sewage in sea | L24: 0 | M24: 0
F25: Exceedances in emissions/discharges | G25: 0 | H25: 0 | I25: 0 | J25: 0 | K25: Exceedances in emissions/discharges | L25: 0 | M25: 0
F26: Tree Protection | G26: 0 | H26: 0 | I26: 0 | J26: 0 | K26: Tree Protection | L26: 0 | M26: 0
... F34: Oil Spills / Major Incidents | G34: 0 | H34: 0 | I34: 0 | J34: 0 | K34: Oil Spills / Major Incidents | L34: 0 | M34: 0
B38: 2 | C38: Statistics Item | D38: Total | F38: North Region | K38: South Region | N38: Market Surveillance | Q38: Border Control | T38: Operations + Admin
C39: Total Orders Issued and Closed | D39: Issued | E39: Closed | G39: Issued - Malta | H39: Issued - Gozo | I39: Closed - Malta | J39: Closed - Gozo | L39: Issued | M39: Closed | O39: Issued | P39: Closed | R39: Issued | S39: Closed | U39: Issued | V39: Closed
D40: =SUM(G40,H40,L40,O40,R40,U40) -> 0 | E40: =SUM(I40,J40,M40,P40,S40,V40) -> 0 | G40: =SUM(G41:G70) -> 0 | H40: =SUM(H41:H70) -> 0 | I40: =SUM(I41:I70) -> 0 | J40: =SUM(J41:J70) -> 0 | L40: =SUM(L41:L70) -> 0 | M40: =SUM(M41:M70) -> 0 | O40: =SUM(O41:O46) -> 0 | P40: =SUM(P41:P46) -> 0 | R40: =SUM(R41:R47) -> 0 | S40: =SUM(S41:S47) -> 0 | U40: =SUM(U41:U49) -> 0 | V40: =SUM(V41:V49) -> 0
F41: Waste Management Facilities | G41: 0 | H41: 0 | I41: 0 | J41: 0 | K41: Waste Management Facilities | L41: 0 | M41: 0 | N41: Local Waste Transfers – Waste Carriers | O41: 0 | P41: 0 | Q41: Wildlife trade / Species Protection & Control border movements | R41: 0 | S41: 0 | T41: Development / Development permit related | U41: 0 | V41: 0
F42: Quarries and related Industries | G42: 0 | H42: 0 | I42: 0 | J42: 0 | K42: Quarries and related Industries | L42: 0 | M42: 0 | N42: Shipments of waste | O42: 0 | P42: 0 | Q42: Wildlife Trade / Species Protection & Control excluding border movements | R42: 0 | S42: 0 | T42: AERs - Annual Environment Reports | U42: 0 | V42: 0
F43: Manufacturing operations | G43: 0 | H43: 0 | I43: 0 | J43: 0 | K43: Manufacturing operations | L43: 0 | M43: 0 | N43: Recycling points | O43: 0 | P43: 0 | Q43: GMOs - Genetically Modified Organisms | R43: 0 | S43: 0 | T43: Litter | U43: 0 | V43: 0
F44: Pharmaceutical industry | G44: 0 | H44: 0 | I44: 0 | J44: 0 | K44: Pharmaceutical industry | L44: 0 | M44: 0 | N44: Extended Producer Responsibility | O44: 0 | P44: 0 | Q44: FLEGT - Forest Law Enforcement, Governance and Trade | R44: 0 | S44: 0 | T44: Development Permit Clearances | U44: 0 | V44: 0
F45: Petrol Stations | G45: 0 | H45: 0 | I45: 0 | J45: 0 | K45: Petrol Stations | L45: 0 | M45: 0 | N45: Consignment notes | O45: 0 | P45: 0 | Q45: EUTR/EUDR - EU Timber Regulations / EU Deforestation Regulation | R45: 0 | S45: 0 | T45: Nature Activity Reports | U45: 0 | V45: 0
F46: VOCs - Volatile Organic Compounds | G46: 0 | H46: 0 | I46: 0 | J46: 0 | K46: VOCs - Volatile Organic Compounds | L46: 0 | M46: 0 | N46: Disposal at Sea | O46: 0 | P46: 0 | Q46: SUPs - Movement and Importation | R46: 0 | S46: 0 | T46: CCTVs | U46: 0 | V46: 0
F47: MCPs - Medium Combustion Plants | G47: 0 | H47: 0 | I47: 0 | J47: 0 | K47: MCPs - Medium Combustion Plants | L47: 0 | M47: 0 | Q47: SUPs - Placing on the Market | R47: 0 | S47: 0 | T47: EP Consultations | U47: 0 | V47: 0
F48: Maintenance Industries | G48: 0 | H48: 0 | I48: 0 | J48: 0 | K48: Maintenance Industries | L48: 0 | M48: 0 | T48: Strategy / Policy Consultations | U48: 0 | V48: 0
F49: Quarry drone surveys | G49: 0 | H49: 0 | I49: 0 | J49: 0 | K49: Quarry drone surveys | L49: 0 | M49: 0 | T49: Smoking Control on Beaches | U49: 0 | V49: 0
F50: Waste Dumping | G50: 0 | H50: 0 | I50: 0 | J50: 0 | K50: Waste Dumping | L50: 0 | M50: 0 | T50: Not ERA Remit | U50: 0 | V50: 0
C51: ADDITIONAL INFORMATION Issued ORDERS should only be limited to reporting year. Closed ORDERS should include all ORDERS closed in reporting year. | F51: Waste Incineration | G51: 0 | H51: 0 | I51: 0 | J51: 0 | K51: Waste Incineration | L51: 0 | M51: 0
F52: Farm operations | G52: 0 | H52: 0 | I52: 0 | J52: 0 | K52: Farm operations | L52: 0 | M52: 0
F53: Aquaculture | G53: 0 | H53: 0 | I53: 0 | J53: 0 | K53: Aquaculture | L53: 0 | M53: 0
F54: COMAH - Control of Major Accident Hazards | G54: 0 | H54: 0 | I54: 0 | J54: 0 | K54: COMAH - Control of Major Accident Hazards | L54: 0 | M54: 0
F55: LCPs, STPs, ROs, NFRP and Port Facilities | G55: 0 | H55: 0 | I55: 0 | J55: 0 | K55: LCPs, STPs, ROs, NFRP and Port Facilities | L55: 0 | M55: 0
F56: Fuel Terminals | G56: 0 | H56: 0 | I56: 0 | J56: 0 | K56: Fuel Terminals | L56: 0 | M56: 0
F57: Construction / Demolition -related marine pollution | G57: 0 | H57: 0 | I57: 0 | J57: 0 | K57: Construction / Demolition -related marine pollution | L57: 0 | M57: 0
F58: Hotels and hospitality | G58: 0 | H58: 0 | I58: 0 | J58: 0 | K58: Hotels and hospitality | L58: 0 | M58: 0
F59: Groundwater (Boreholes) | G59: 0 | H59: 0 | I59: 0 | J59: 0 | K59: Groundwater (Boreholes) | L59: 0 | M59: 0
F60: Sewage in sea | G60: 0 | H60: 0 | I60: 0 | J60: 0 | K60: Sewage in sea | L60: 0 | M60: 0
F61: Exceedances in emissions/discharges | G61: 0 | H61: 0 | I61: 0 | J61: 0 | K61: Exceedances in emissions/discharges | L61: 0 | M61: 0
F62: Tree Protection | G62: 0 | H62: 0 | I62: 0 | J62: 0 | K62: Tree Protection | L62: 0 | M62: 0
F63: Species Protection | G63: 0 | H63: 0 | I63: 0 | J63: 0 | K63: Species Protection | L63: 0 | M63: 0
... F70: Oil Spills / Major Incidents | G70: 0 | H70: 0 | I70: 0 | J70: 0 | K70: Oil Spills / Major Incidents | L70: 0 | M70: 0
B74: 3 | C74: Statistics Item | D74: Total | F74: North Region | K74: South Region | N74: Market Surveillance | Q74: Border Control | T74: Operations + Admin
C75: Total Number & Description of Direct Actions / Clean-Ups | D75: =SUM(G77,I77,L77,O77,R77,U77) -> 0 | G75: Total | L75: Total | O75: Total | R75: Total | U75: Total
G76: Malta | I76: Gozo
G77: =SUM(G78:H109) -> 0 | I77: =SUM(I78:J109) -> 0 | L77: =SUM(L78:M109) -> 0 | O77: =SUM(O78:P84) -> 0 | R77: =SUM(R78:S85) -> 0 | U77: =SUM(U78:V85) -> 0
F78: Waste Management Facilities | G78: 0 | H78: 0 | I78: 0 | J78: 0 | K78: Waste Management Facilities | L78: 0 | M78: 0 | N78: Local Waste Transfers – Waste Carriers | O78: 0 | P78: 0 | Q78: Wildlife trade / Species Protection & Control border movements | R78: 0 | S78: 0 | T78: Development / Development permit related | U78: 0 | V78: 0
F79: Quarries and related Industries | G79: 0 | H79: 0 | I79: 0 | J79: 0 | K79: Quarries and related Industries | L79: 0 | M79: 0 | N79: Shipments of waste | O79: 0 | P79: 0 | Q79: Wildlife Trade / Species Protection & Control excluding border movements | R79: 0 | S79: 0 | T79: AERs - Annual Environment Reports | U79: 0 | V79: 0
F80: Manufacturing operations | G80: 0 | H80: 0 | I80: 0 | J80: 0 | K80: Manufacturing operations | L80: 0 | M80: 0 | N80: Recycling points | O80: 0 | P80: 0 | Q80: GMOs - Genetically Modified Organisms | R80: 0 | S80: 0 | T80: Litter | U80: 0 | V80: 0
F81: Pharmaceutical industry | G81: 0 | H81: 0 | I81: 0 | J81: 0 | K81: Pharmaceutical industry | L81: 0 | M81: 0 | N81: Extended Producer Responsibility | O81: 0 | P81: 0 | Q81: FLEGT - Forest Law Enforcement, Governance and Trade | R81: 0 | S81: 0 | T81: Development Permit Clearances | U81: 0 | V81: 0
F82: Petrol Stations | G82: 0 | H82: 0 | I82: 0 | J82: 0 | K82: Petrol Stations | L82: 0 | M82: 0 | N82: Consignment notes | O82: 0 | P82: 0 | Q82: EUTR/EUDR - EU Timber Regulations / EU Deforestation Regulation | R82: 0 | S82: 0 | T82: Nature Activity Reports | U82: 0 | V82: 0
F83: VOCs - Volatile Organic Compounds | G83: 0 | H83: 0 | I83: 0 | J83: 0 | K83: VOCs - Volatile Organic Compounds | L83: 0 | M83: 0 | N83: Disposal at Sea | O83: 0 | P83: 0 | Q83: SUPs - Movement and Importation | R83: 0 | S83: 0 | T83: CCTVs | U83: 0 | V83: 0
F84: MCPs - Medium Combustion Plants | G84: 0 | H84: 0 | I84: 0 | J84: 0 | K84: MCPs - Medium Combustion Plants | L84: 0 | M84: 0 | Q84: SUPs - Placing on the Market | R84: 0 | S84: 0 | T84: EP Consultations | U84: 0 | V84: 0
F85: Maintenance Industries | G85: 0 | H85: 0 | I85: 0 | J85: 0 | K85: Maintenance Industries | L85: 0 | M85: 0 | T85: Strategy / Policy Consultations | U85: 0 | V85: 0
F86: Quarry drone surveys | G86: 0 | H86: 0 | I86: 0 | J86: 0 | K86: Quarry drone surveys | L86: 0 | M86: 0 | T86: Smoking Control on Beaches | U86: 0 | V86: 0
F87: Waste Dumping | G87: 0 | H87: 0 | I87: 0 | J87: 0 | K87: Waste Dumping | L87: 0 | M87: 0 | T87: Not ERA Remit | U87: 0 | V87: 0
C88: ADDITIONAL INFORMATION Teams are urged to suggest additional Actions if needed to prevent instances of 0 data when no actions take place. | F88: Waste Incineration | G88: 0 | H88: 0 | I88: 0 | J88: 0 | K88: Waste Incineration | L88: 0 | M88: 0
F89: Farm operations | G89: 0 | H89: 0 | I89: 0 | J89: 0 | K89: Farm operations | L89: 0 | M89: 0
F90: Aquaculture | G90: 0 | H90: 0 | I90: 0 | J90: 0 | K90: Aquaculture | L90: 0 | M90: 0
F91: COMAH - Control of Major Accident Hazards | G91: 0 | H91: 0 | I91: 0 | J91: 0 | K91: COMAH - Control of Major Accident Hazards | L91: 0 | M91: 0
F92: LCPs, STPs, ROs, NFRP and Port Facilities | G92: 0 | H92: 0 | I92: 0 | J92: 0 | K92: LCPs, STPs, ROs, NFRP and Port Facilities | L92: 0 | M92: 0
F93: Fuel Terminals | G93: 0 | H93: 0 | I93: 0 | J93: 0 | K93: Fuel Terminals | L93: 0 | M93: 0
F94: Construction / Demolition -related marine pollution | G94: 0 | H94: 0 | I94: 0 | J94: 0 | K94: Construction / Demolition -related marine pollution | L94: 0 | M94: 0
F95: Hotels and hospitality | G95: 0 | H95: 0 | I95: 0 | J95: 0 | K95: Hotels and hospitality | L95: 0 | M95: 0
F96: Groundwater (Boreholes) | G96: 0 | H96: 0 | I96: 0 | J96: 0 | K96: Groundwater (Boreholes) | L96: 0 | M96: 0
F97: Sewage in sea | G97: 0 | H97: 0 | I97: 0 | J97: 0 | K97: Sewage in sea | L97: 0 | M97: 0
F98: Exceedances in emissions/discharges | G98: 0 | H98: 0 | I98: 0 | J98: 0 | K98: Exceedances in emissions/discharges | L98: 0 | M98: 0
F99: Tree Protection | G99: 0 | H99: 0 | I99: 0 | J99: 0 | K99: Tree Protection | L99: 0 | M99: 0
F100: Species Protection | G100: 0 | H100: 0 | I100: 0 | J100: 0 | K100: Species Protection | L100: 0 | M100: 0
... F107: Oil Spills / Major Incidents | G107: 0 | H107: 0 | I107: 0 | J107: 0 | K107: Oil Spills / Major Incidents | L107: 0 | M107: 0
B111: 4 | C111: Statistics Item | D111: Total | F111: North Region | K111: South Region | N111: Market Surveillance | Q111: Border Control | T111: Operations + Admin
C112: Total Administrative Fines Issued and Settled (by payment and/or remediation) | D112: Issued | E112: Closed (paid & remediated) *remediated when required | G112: Issued | I112: Closed (paid & remediated) *remediated when required | L112: Issued | M112: Closed (paid & remediated) *remediated when required | O112: Issued | P112: Closed (paid & remediated) *remediated when required | R112: Issued | S112: Closed (paid & remediated) *remediated when required | U112: Issued | V112: Closed (paid & remediated) *remediated when required
D113: =SUM(G113,H113,L113,O113,R113,U113) -> 0 | E113: =SUM(I113,J113,M113,P113,S113,V113) -> 0 | G113: =SUM(G115:G146) -> 0 | H113: =SUM(H115:H146) -> 0 | I113: =SUM(I115:I146) -> 0 | J113: =SUM(J115:J146) -> 0 | L113: =SUM(L115:L146) -> 0 | M113: =SUM(M115:M146) -> 0 | O113: =SUM(O115:O121) -> 0 | P113: =SUM(P115:P121) -> 0 | R113: =SUM(R115:R122) -> 0 | S113: =SUM(S115:S122) -> 0 | U113: =SUM(U115:U123) -> 0 | V113: =SUM(V115:V123) -> 0
G114: Malta | H114: Gozo | I114: Malta | J114: Gozo
F115: Waste Management Facilities | G115: 0 | H115: 0 | I115: 0 | J115: 0 | K115: Waste Management Facilities | L115: 0 | M115: 0 | N115: Local Waste Transfers – Waste Carriers | O115: 0 | P115: 0 | Q115: Wildlife trade / Species Protection & Control border movements | R115: 0 | S115: 0 | T115: Development / Development permit related | U115: 0 | V115: 0
F116: Quarries and related Industries | G116: 0 | H116: 0 | I116: 0 | J116: 0 | K116: Quarries and related Industries | L116: 0 | M116: 0 | N116: Shipments of waste | O116: 0 | P116: 0 | Q116: Wildlife Trade / Species Protection & Control excluding border movements | R116: 0 | S116: 0 | T116: AERs - Annual Environment Reports | U116: 0 | V116: 0
F117: Manufacturing operations | G117: 0 | H117: 0 | I117: 0 | J117: 0 | K117: Manufacturing operations | L117: 0 | M117: 0 | N117: Recycling points | O117: 0 | P117: 0 | Q117: GMOs - Genetically Modified Organisms | R117: 0 | S117: 0 | T117: Litter | U117: 0 | V117: 0
F118: Pharmaceutical industry | G118: 0 | H118: 0 | I118: 0 | J118: 0 | K118: Pharmaceutical industry | L118: 0 | M118: 0 | N118: Extended Producer Responsibility | O118: 0 | P118: 0 | Q118: FLEGT - Forest Law Enforcement, Governance and Trade | R118: 0 | S118: 0 | T118: Development Permit Clearances | U118: 0 | V118: 0
F119: Petrol Stations | G119: 0 | H119: 0 | I119: 0 | J119: 0 | K119: Petrol Stations | L119: 0 | M119: 0 | N119: Consignment notes | O119: 0 | P119: 0 | Q119: EUTR/EUDR - EU Timber Regulations / EU Deforestation Regulation | R119: 0 | S119: 0 | T119: Nature Activity Reports | U119: 0 | V119: 0
F120: VOCs - Volatile Organic Compounds | G120: 0 | H120: 0 | I120: 0 | J120: 0 | K120: VOCs - Volatile Organic Compounds | L120: 0 | M120: 0 | N120: Disposal at Sea | O120: 0 | P120: 0 | Q120: SUPs - Movement and Importation | R120: 0 | S120: 0 | T120: CCTVs | U120: 0 | V120: 0
F121: MCPs - Medium Combustion Plants | G121: 0 | H121: 0 | I121: 0 | J121: 0 | K121: MCPs - Medium Combustion Plants | L121: 0 | M121: 0 | Q121: SUPs - Placing on the Market | R121: 0 | S121: 0 | T121: EP Consultations | U121: 0 | V121: 0
C122: ADDITIONAL INFORMATION This data will be collected by CED Operations: Fines Issued should only be limited to cases for reporting year Fines Paid should include all Fines Paid during reporting year (including Fines issued prior to that year but Paid during reporting year) | F122: Maintenance Industries | G122: 0 | H122: 0 | I122: 0 | J122: 0 | K122: Maintenance Industries | L122: 0 | M122: 0 | T122: Strategy / Policy Consultations | U122: 0 | V122: 0
F123: Quarry drone surveys | G123: 0 | H123: 0 | I123: 0 | J123: 0 | K123: Quarry drone surveys | L123: 0 | M123: 0 | T123: Smoking Control on Beaches | U123: 0 | V123: 0
F124: Waste Dumping | G124: 0 | H124: 0 | I124: 0 | J124: 0 | K124: Waste Dumping | L124: 0 | M124: 0 | T124: Not ERA Remit | U124: 0 | V124: 0
F125: Waste Incineration | G125: 0 | H125: 0 | I125: 0 | J125: 0 | K125: Waste Incineration | L125: 0 | M125: 0
F126: Farm operations | G126: 0 | H126: 0 | I126: 0 | J126: 0 | K126: Farm operations | L126: 0 | M126: 0
F127: Aquaculture | G127: 0 | H127: 0 | I127: 0 | J127: 0 | K127: Aquaculture | L127: 0 | M127: 0
F128: COMAH - Control of Major Accident Hazards | G128: 0 | H128: 0 | I128: 0 | J128: 0 | K128: COMAH - Control of Major Accident Hazards | L128: 0 | M128: 0
F129: LCPs, STPs, ROs, NFRP and Port Facilities | G129: 0 | H129: 0 | I129: 0 | J129: 0 | K129: LCPs, STPs, ROs, NFRP and Port Facilities | L129: 0 | M129: 0
...

Sheet February
B2: 1 | C2: Statistics Item | D2: Total | F2: North Region | K2: South Region | N2: Market Surveillance | Q2: Border Control | T2: Operations + Admin
C3: Total Cases and/or Complaints (Internal & External) received and closed | D3: Opened | E3: Closed | G3: Opened - Malta | H3: Opened - Gozo | I3: Closed - Malta | J3: Closed - Gozo | L3: Opened | M3: Closed | O3: Opened | P3: Closed | R3: Opened | S3: Closed | U3: Opened | V3: Closed
D4: =SUM(G4,H4,L4,O4,R4,U4) -> 0 | E4: =SUM(I4,J4,M4,P4,S4,V4) -> 0 | G4: =SUM(G5:G34) -> 0 | H4: =SUM(H5:H34) -> 0 | I4: =SUM(I5:I34) -> 0 | J4: =SUM(J5:J34) -> 0 | L4: =SUM(L5:L34) -> 0 | M4: =SUM(M5:M34) -> 0 | O4: =SUM(O5:O10) -> 0 | P4: =SUM(P5:P10) -> 0 | R4: =SUM(R5:R11) -> 0 | S4: =SUM(S5:S11) -> 0 | U4: =SUM(U5:U13) -> 0 | V4: =SUM(V5:V13) -> 0
F5: Waste Management Facilities | G5: 0 | H5: 0 | I5: 0 | J5: 0 | K5: Waste Management Facilities | L5: 0 | M5: 0 | N5: Local Waste Transfers – Waste Carriers | O5: 0 | P5: 0 | Q5: Wildlife trade / Species Protection & Control border movements | R5: 0 | S5: 0 | T5: Development / Development permit related | U5: 0 | V5: 0
F6: Quarries and related Industries | G6: 0 | H6: 0 | I6: 0 | J6: 0 | K6: Quarries and related Industries | L6: 0 | M6: 0 | N6: Shipments of waste | O6: 0 | P6: 0 | Q6: Wildlife Trade / Species Protection & Control excluding border movements | R6: 0 | S6: 0 | T6: AERs - Annual Environment Reports | U6: 0 | V6: 0
F7: Manufacturing operations | G7: 0 | H7: 0 | I7: 0 | J7: 0 | K7: Manufacturing operations | L7: 0 | M7: 0 | N7: Recycling points | O7: 0 | P7: 0 | Q7: GMOs - Genetically Modified Organisms | R7: 0 | S7: 0 | T7: Litter | U7: 0 | V7: 0
F8: Pharmaceutical industry | G8: 0 | H8: 0 | I8: 0 | J8: 0 | K8: Pharmaceutical industry | L8: 0 | M8: 0 | N8: Extended Producer Responsibility | O8: 0 | P8: 0 | Q8: FLEGT - Forest Law Enforcement, Governance and Trade | R8: 0 | S8: 0 | T8: Development Permit Clearances | U8: 0 | V8: 0
F9: Petrol Stations | G9: 0 | H9: 0 | I9: 0 | J9: 0 | K9: Petrol Stations | L9: 0 | M9: 0 | N9: Consignment notes | O9: 0 | P9: 0 | Q9: EUTR/EUDR - EU Timber Regulations / EU Deforestation Regulation | R9: 0 | S9: 0 | T9: Nature Activity Reports | U9: 0 | V9: 0
F10: VOCs - Volatile Organic Compounds | G10: 0 | H10: 0 | I10: 0 | J10: 0 | K10: VOCs - Volatile Organic Compounds | L10: 0 | M10: 0 | N10: Disposal at Sea | O10: 0 | P10: 0 | Q10: SUPs - Movement and Importation | R10: 0 | S10: 0 | T10: CCTVs | U10: 0 | V10: 0
F11: MCPs - Medium Combustion Plants | G11: 0 | H11: 0 | I11: 0 | J11: 0 | K11: MCPs - Medium Combustion Plants | L11: 0 | M11: 0 | Q11: SUPs - Placing on the Market | R11: 0 | S11: 0 | T11: EP Consultations | U11: 0 | V11: 0
C12: ADDITIONAL INFORMATION This data will be collected by CED Operations/Admin: - Cases Opened during reporting year - Cases Closed only during reporting year (including cases opened in years prior to the reporting year) | F12: Maintenance Industries | G12: 0 | H12: 0 | I12: 0 | J12: 0 | K12: Maintenance Industries | L12: 0 | M12: 0 | T12: Strategy / Policy Consultations | U12: 0 | V12: 0
F13: Quarry drone surveys | G13: 0 | H13: 0 | I13: 0 | J13: 0 | K13: Quarry drone surveys | L13: 0 | M13: 0 | T13: Smoking Control on Beaches | U13: 0 | V13: 0
F14: Waste Dumping | G14: 0 | H14: 0 | I14: 0 | J14: 0 | K14: Waste Dumping | L14: 0 | M14: 0 | T14: Not ERA Remit | U14: 0 | V14: 0
F15: Waste Incineration | G15: 0 | H15: 0 | I15: 0 | J15: 0 | K15: Waste Incineration | L15: 0 | M15: 0
F16: Farm operations | G16: 0 | H16: 0 | I16: 0 | J16: 0 | K16: Farm operations | L16: 0 | M16: 0
F17: Aquaculture | G17: 0 | H17: 0 | I17: 0 | J17: 0 | K17: Aquaculture | L17: 0 | M17: 0
F18: COMAH - Control of Major Accident Hazards | G18: 0 | H18: 0 | I18: 0 | J18: 0 | K18: COMAH - Control of Major Accident Hazards | L18: 0 | M18: 0
F19: LCPs, STPs, ROs, NFRP and Port Facilities | G19: 0 | H19: 0 | I19: 0 | J19: 0 | K19: LCPs, STPs, ROs, NFRP and Port Facilities | L19: 0 | M19: 0
F20: Fuel Terminals | G20: 0 | H20: 0 | I20: 0 | J20: 0 | K20: Fuel Terminals | L20: 0 | M20: 0
F21: Construction / Demolition -related marine pollution | G21: 0 | H21: 0 | I21: 0 | J21: 0 | K21: Construction / Demolition -related marine pollution | L21: 0 | M21: 0
F22: Hotels and hospitality | G22: 0 | H22: 0 | I22: 0 | J22: 0 | K22: Hotels and hospitality | L22: 0 | M22: 0
F23: Groundwater (Boreholes) | G23: 0 | H23: 0 | I23: 0 | J23: 0 | K23: Groundwater (Boreholes) | L23: 0 | M23: 0
F24: Sewage in sea | G24: 0 | H24: 0 | I24: 0 | J24: 0 | K24: Sewage in sea | L24: 0 | M24: 0
F25: Exceedances in emissions/discharges | G25: 0 | H25: 0 | I25: 0 | J25: 0 | K25: Exceedances in emissions/discharges | L25: 0 | M25: 0
F26: Tree Protection | G26: 0 | H26: 0 | I26: 0 | J26: 0 | K26: Tree Protection | L26: 0 | M26: 0
... F34: Oil Spills / Major Incidents | G34: 0 | H34: 0 | I34: 0 | J34: 0 | K34: Oil Spills / Major Incidents | L34: 0 | M34: 0
B38: 2 | C38: Statistics Item | D38: Total | F38: North Region | K38: South Region | N38: Market Surveillance | Q38: Border Control | T38: Operations + Admin
C39: Total Orders Issued and Closed | D39: Issued | E39: Closed | G39: Issued - Malta | H39: Issued - Gozo | I39: Closed - Malta | J39: Closed - Gozo | L39: Issued | M39: Closed | O39: Issued | P39: Closed | R39: Issued | S39: Closed | U39: Issued | V39: Closed
D40: =SUM(G40,H40,L40,O40,R40,U40) -> 0 | E40: =SUM(I40,J40,M40,P40,S40,V40) -> 0 | G40: =SUM(G41:G70) -> 0 | H40: =SUM(H41:H70) -> 0 | I40: =SUM(I41:I70) -> 0 | J40: =SUM(J41:J70) -> 0 | L40: =SUM(L41:L70) -> 0 | M40: =SUM(M41:M70) -> 0 | O40: =SUM(O41:O46) -> 0 | P40: =SUM(P41:P46) -> 0 | R40: =SUM(R41:R47) -> 0 | S40: =SUM(S41:S47) -> 0 | U40: =SUM(U41:U49) -> 0 | V40: =SUM(V41:V49) -> 0
F41: Waste Management Facilities | G41: 0 | H41: 0 | I41: 0 | J41: 0 | K41: Waste Management Facilities | L41: 0 | M41: 0 | N41: Local Waste Transfers – Waste Carriers | O41: 0 | P41: 0 | Q41: Wildlife trade / Species Protection & Control border movements | R41: 0 | S41: 0 | T41: Development / Development permit related | U41: 0 | V41: 0
F42: Quarries and related Industries | G42: 0 | H42: 0 | I42: 0 | J42: 0 | K42: Quarries and related Industries | L42: 0 | M42: 0 | N42: Shipments of waste | O42: 0 | P42: 0 | Q42: Wildlife Trade / Species Protection & Control excluding border movements | R42: 0 | S42: 0 | T42: AERs - Annual Environment Reports | U42: 0 | V42: 0
F43: Manufacturing operations | G43: 0 | H43: 0 | I43: 0 | J43: 0 | K43: Manufacturing operations | L43: 0 | M43: 0 | N43: Recycling points | O43: 0 | P43: 0 | Q43: GMOs - Genetically Modified Organisms | R43: 0 | S43: 0 | T43: Litter | U43: 0 | V43: 0
F44: Pharmaceutical industry | G44: 0 | H44: 0 | I44: 0 | J44: 0 | K44: Pharmaceutical industry | L44: 0 | M44: 0 | N44: Extended Producer Responsibility | O44: 0 | P44: 0 | Q44: FLEGT - Forest Law Enforcement, Governance and Trade | R44: 0 | S44: 0 | T44: Development Permit Clearances | U44: 0 | V44: 0
F45: Petrol Stations | G45: 0 | H45: 0 | I45: 0 | J45: 0 | K45: Petrol Stations | L45: 0 | M45: 0 | N45: Consignment notes | O45: 0 | P45: 0 | Q45: EUTR/EUDR - EU Timber Regulations / EU Deforestation Regulation | R45: 0 | S45: 0 | T45: Nature Activity Reports | U45: 0 | V45: 0
F46: VOCs - Volatile Organic Compounds | G46: 0 | H46: 0 | I46: 0 | J46: 0 | K46: VOCs - Volatile Organic Compounds | L46: 0 | M46: 0 | N46: Disposal at Sea | O46: 0 | P46: 0 | Q46: SUPs - Movement and Importation | R46: 0 | S46: 0 | T46: CCTVs | U46: 0 | V46: 0
F47: MCPs - Medium Combustion Plants | G47: 0 | H47: 0 | I47: 0 | J47: 0 | K47: MCPs - Medium Combustion Plants | L47: 0 | M47: 0 | Q47: SUPs - Placing on the Market | R47: 0 | S47: 0 | T47: EP Consultations | U47: 0 | V47: 0
F48: Maintenance Industries | G48: 0 | H48: 0 | I48: 0 | J48: 0 | K48: Maintenance Industries | L48: 0 | M48: 0 | T48: Strategy / Policy Consultations | U48: 0 | V48: 0
F49: Quarry drone surveys | G49: 0 | H49: 0 | I49: 0 | J49: 0 | K49: Quarry drone surveys | L49: 0 | M49: 0 | T49: Smoking Control on Beaches | U49: 0 | V49: 0
F50: Waste Dumping | G50: 0 | H50: 0 | I50: 0 | J50: 0 | K50: Waste Dumping | L50: 0 | M50: 0 | T50: Not ERA Remit | U50: 0 | V50: 0
C51: ADDITIONAL INFORMATION Issued ORDERS should only be limited to reporting year. Closed ORDERS should include all ORDERS closed in reporting year. | F51: Waste Incineration | G51: 0 | H51: 0 | I51: 0 | J51: 0 | K51: Waste Incineration | L51: 0 | M51: 0
F52: Farm operations | G52: 0 | H52: 0 | I52: 0 | J52: 0 | K52: Farm operations | L52: 0 | M52: 0
F53: Aquaculture | G53: 0 | H53: 0 | I53: 0 | J53: 0 | K53: Aquaculture | L53: 0 | M53: 0
F54: COMAH - Control of Major Accident Hazards | G54: 0 | H54: 0 | I54: 0 | J54: 0 | K54: COMAH - Control of Major Accident Hazards | L54: 0 | M54: 0
F55: LCPs, STPs, ROs, NFRP and Port Facilities | G55: 0 | H55: 0 | I55: 0 | J55: 0 | K55: LCPs, STPs, ROs, NFRP and Port Facilities | L55: 0 | M55: 0
F56: Fuel Terminals | G56: 0 | H56: 0 | I56: 0 | J56: 0 | K56: Fuel Terminals | L56: 0 | M56: 0
F57: Construction / Demolition -related marine pollution | G57: 0 | H57: 0 | I57: 0 | J57: 0 | K57: Construction / Demolition -related marine pollution | L57: 0 | M57: 0
F58: Hotels and hospitality | G58: 0 | H58: 0 | I58: 0 | J58: 0 | K58: Hotels and hospitality | L58: 0 | M58: 0
F59: Groundwater (Boreholes) | G59: 0 | H59: 0 | I59: 0 | J59: 0 | K59: Groundwater (Boreholes) | L59: 0 | M59: 0
F60: Sewage in sea | G60: 0 | H60: 0 | I60: 0 | J60: 0 | K60: Sewage in sea | L60: 0 | M60: 0
F61: Exceedances in emissions/discharges | G61: 0 | H61: 0 | I61: 0 | J61: 0 | K61: Exceedances in emissions/discharges | L61: 0 | M61: 0
F62: Tree Protection | G62: 0 | H62: 0 | I62: 0 | J62: 0 | K62: Tree Protection | L62: 0 | M62: 0
F63: Species Protection | G63: 0 | H63: 0 | I63: 0 | J63: 0 | K63: Species Protection | L63: 0 | M63: 0
... F70: Oil Spills / Major Incidents | G70: 0 | H70: 0 | I70: 0 | J70: 0 | K70: Oil Spills / Major Incidents | L70: 0 | M70: 0
B74: 3 | C74: Statistics Item | D74: Total | F74: North Region | K74: South Region | N74: Market Surveillance | Q74: Border Control | T74: Operations + Admin
C75: Total Number & Description of Direct Actions / Clean-Ups | D75: =SUM(G77,I77,L77,O77,R77,U77) -> 0 | G75: Total | L75: Total | O75: Total | R75: Total | U75: Total
G76: Malta | I76: Gozo
G77: =SUM(G78:H109) -> 0 | I77: =SUM(I78:J109) -> 0 | L77: =SUM(L78:M109) -> 0 | O77: =SUM(O78:P84) -> 0 | R77: =SUM(R78:S85) -> 0 | U77: =SUM(U78:V85) -> 0
F78: Waste Management Facilities | G78: 0 | H78: 0 | I78: 0 | J78: 0 | K78: Waste Management Facilities | L78: 0 | M78: 0 | N78: Local Waste Transfers – Waste Carriers | O78: 0 | P78: 0 | Q78: Wildlife trade / Species Protection & Control border movements | R78: 0 | S78: 0 | T78: Development / Development permit related | U78: 0 | V78: 0
F79: Quarries and related Industries | G79: 0 | H79: 0 | I79: 0 | J79: 0 | K79: Quarries and related Industries | L79: 0 | M79: 0 | N79: Shipments of waste | O79: 0 | P79: 0 | Q79: Wildlife Trade / Species Protection & Control excluding border movements | R79: 0 | S79: 0 | T79: AERs - Annual Environment Reports | U79: 0 | V79: 0
F80: Manufacturing operations | G80: 0 | H80: 0 | I80: 0 | J80: 0 | K80: Manufacturing operations | L80: 0 | M80: 0 | N80: Recycling points | O80: 0 | P80: 0 | Q80: GMOs - Genetically Modified Organisms | R80: 0 | S80: 0 | T80: Litter | U80: 0 | V80: 0
F81: Pharmaceutical industry | G81: 0 | H81: 0 | I81: 0 | J81: 0 | K81: Pharmaceutical industry | L81: 0 | M81: 0 | N81: Extended Producer Responsibility | O81: 0 | P81: 0 | Q81: FLEGT - Forest Law Enforcement, Governance and Trade | R81: 0 | S81: 0 | T81: Development Permit Clearances | U81: 0 | V81: 0
F82: Petrol Stations | G82: 0 | H82: 0 | I82: 0 | J82: 0 | K82: Petrol Stations | L82: 0 | M82: 0 | N82: Consignment notes | O82: 0 | P82: 0 | Q82: EUTR/EUDR - EU Timber Regulations / EU Deforestation Regulation | R82: 0 | S82: 0 | T82: Nature Activity Reports | U82: 0 | V82: 0
F83: VOCs - Volatile Organic Compounds | G83: 0 | H83: 0 | I83: 0 | J83: 0 | K83: VOCs - Volatile Organic Compounds | L83: 0 | M83: 0 | N83: Disposal at Sea | O83: 0 | P83: 0 | Q83: SUPs - Movement and Importation | R83: 0 | S83: 0 | T83: CCTVs | U83: 0 | V83: 0
F84: MCPs - Medium Combustion Plants | G84: 0 | H84: 0 | I84: 0 | J84: 0 | K84: MCPs - Medium Combustion Plants | L84: 0 | M84: 0 | Q84: SUPs - Placing on the Market | R84: 0 | S84: 0 | T84: EP Consultations | U84: 0 | V84: 0
F85: Maintenance Industries | G85: 0 | H85: 0 | I85: 0 | J85: 0 | K85: Maintenance Industries | L85: 0 | M85: 0 | T85: Strategy / Policy Consultations | U85: 0 | V85: 0
F86: Quarry drone surveys | G86: 0 | H86: 0 | I86: 0 | J86: 0 | K86: Quarry drone surveys | L86: 0 | M86: 0 | T86: Smoking Control on Beaches | U86: 0 | V86: 0
F87: Waste Dumping | G87: 0 | H87: 0 | I87: 0 | J87: 0 | K87: Waste Dumping | L87: 0 | M87: 0 | T87: Not ERA Remit | U87: 0 | V87: 0
C88: ADDITIONAL INFORMATION Teams are urged to suggest additional Actions if needed to prevent instances of 0 data when no actions take place. | F88: Waste Incineration | G88: 0 | H88: 0 | I88: 0 | J88: 0 | K88: Waste Incineration | L88: 0 | M88: 0
F89: Farm operations | G89: 0 | H89: 0 | I89: 0 | J89: 0 | K89: Farm operations | L89: 0 | M89: 0
F90: Aquaculture | G90: 0 | H90: 0 | I90: 0 | J90: 0 | K90: Aquaculture | L90: 0 | M90: 0
F91: COMAH - Control of Major Accident Hazards | G91: 0 | H91: 0 | I91: 0 | J91: 0 | K91: COMAH - Control of Major Accident Hazards | L91: 0 | M91: 0
F92: LCPs, STPs, ROs, NFRP and Port Facilities | G92: 0 | H92: 0 | I92: 0 | J92: 0 | K92: LCPs, STPs, ROs, NFRP and Port Facilities | L92: 0 | M92: 0
F93: Fuel Terminals | G93: 0 | H93: 0 | I93: 0 | J93: 0 | K93: Fuel Terminals | L93: 0 | M93: 0
F94: Construction / Demolition -related marine pollution | G94: 0 | H94: 0 | I94: 0 | J94: 0 | K94: Construction / Demolition -related marine pollution | L94: 0 | M94: 0
F95: Hotels and hospitality | G95: 0 | H95: 0 | I95: 0 | J95: 0 | K95: Hotels and hospitality | L95: 0 | M95: 0
F96: Groundwater (Boreholes) | G96: 0 | H96: 0 | I96: 0 | J96: 0 | K96: Groundwater (Boreholes) | L96: 0 | M96: 0
F97: Sewage in sea | G97: 0 | H97: 0 | I97: 0 | J97: 0 | K97: Sewage in sea | L97: 0 | M97: 0
F98: Exceedances in emissions/discharges | G98: 0 | H98: 0 | I98: 0 | J98: 0 | K98: Exceedances in emissions/discharges | L98: 0 | M98: 0
F99: Tree Protection | G99: 0 | H99: 0 | I99: 0 | J99: 0 | K99: Tree Protection | L99: 0 | M99: 0
F100: Species Protection | G100: 0 | H100: 0 | I100: 0 | J100: 0 | K100: Species Protection | L100: 0 | M100: 0
... F107: Oil Spills / Major Incidents | G107: 0 | H107: 0 | I107: 0 | J107: 0 | K107: Oil Spills / Major Incidents | L107: 0 | M107: 0
B111: 4 | C111: Statistics Item | D111: Total | F111: North Region | K111: South Region | N111: Market Surveillance | Q111: Border Control | T111: Operations + Admin
C112: Total Administrative Fines Issued and Settled (by payment and/or remediation) | D112: Issued | E112: Closed (paid & remediated) *remediated when required | G112: Issued | I112: Closed (paid & remediated) *remediated when required | L112: Issued | M112: Closed (paid & remediated) *remediated when required | O112: Issued | P112: Closed (paid & remediated) *remediated when required | R112: Issued | S112: Closed (paid & remediated) *remediated when required | U112: Issued | V112: Closed (paid & remediated) *remediated when required
D113: =SUM(G113,H113,L113,O113,R113,U113) -> 0 | E113: =SUM(I113,J113,M113,P113,S113,V113) -> 0 | G113: =SUM(G115:G146) -> 0 | H113: =SUM(H115:H146) -> 0 | I113: =SUM(I115:I146) -> 0 | J113: =SUM(J115:J146) -> 0 | L113: =SUM(L115:L146) -> 0 | M113: =SUM(M115:M146) -> 0 | O113: =SUM(O115:O121) -> 0 | P113: =SUM(P115:P121) -> 0 | R113: =SUM(R115:R122) -> 0 | S113: =SUM(S115:S122) -> 0 | U113: =SUM(U115:U123) -> 0 | V113: =SUM(V115:V123) -> 0
G114: Malta | H114: Gozo | I114: Malta | J114: Gozo
F115: Waste Management Facilities | G115: 0 | H115: 0 | I115: 0 | J115: 0 | K115: Waste Management Facilities | L115: 0 | M115: 0 | N115: Local Waste Transfers – Waste Carriers | O115: 0 | P115: 0 | Q115: Wildlife trade / Species Protection & Control border movements | R115: 0 | S115: 0 | T115: Development / Development permit related | U115: 0 | V115: 0
F116: Quarries and related Industries | G116: 0 | H116: 0 | I116: 0 | J116: 0 | K116: Quarries and related Industries | L116: 0 | M116: 0 | N116: Shipments of waste | O116: 0 | P116: 0 | Q116: Wildlife Trade / Species Protection & Control excluding border movements | R116: 0 | S116: 0 | T116: AERs - Annual Environment Reports | U116: 0 | V116: 0
F117: Manufacturing operations | G117: 0 | H117: 0 | I117: 0 | J117: 0 | K117: Manufacturing operations | L117: 0 | M117: 0 | N117: Recycling points | O117: 0 | P117: 0 | Q117: GMOs - Genetically Modified Organisms | R117: 0 | S117: 0 | T117: Litter | U117: 0 | V117: 0
F118: Pharmaceutical industry | G118: 0 | H118: 0 | I118: 0 | J118: 0 | K118: Pharmaceutical industry | L118: 0 | M118: 0 | N118: Extended Producer Responsibility | O118: 0 | P118: 0 | Q118: FLEGT - Forest Law Enforcement, Governance and Trade | R118: 0 | S118: 0 | T118: Development Permit Clearances | U118: 0 | V118: 0
F119: Petrol Stations | G119: 0 | H119: 0 | I119: 0 | J119: 0 | K119: Petrol Stations | L119: 0 | M119: 0 | N119: Consignment notes | O119: 0 | P119: 0 | Q119: EUTR/EUDR - EU Timber Regulations / EU Deforestation Regulation | R119: 0 | S119: 0 | T119: Nature Activity Reports | U119: 0 | V119: 0
F120: VOCs - Volatile Organic Compounds | G120: 0 | H120: 0 | I120: 0 | J120: 0 | K120: VOCs - Volatile Organic Compounds | L120: 0 | M120: 0 | N120: Disposal at Sea | O120: 0 | P120: 0 | Q120: SUPs - Movement and Importation | R120: 0 | S120: 0 | T120: CCTVs | U120: 0 | V120: 0
F121: MCPs - Medium Combustion Plants | G121: 0 | H121: 0 | I121: 0 | J121: 0 | K121: MCPs - Medium Combustion Plants | L121: 0 | M121: 0 | Q121: SUPs - Placing on the Market | R121: 0 | S121: 0 | T121: EP Consultations | U121: 0 | V121: 0
C122: ADDITIONAL INFORMATION This data will be collected by CED Operations: Fines Issued should only be limited to cases for reporting year Fines Paid should include all Fines Paid during reporting year (including Fines issued prior to that year but Paid during reporting year) | F122: Maintenance Industries | G122: 0 | H122: 0 | I122: 0 | J122: 0 | K122: Maintenance Industries | L122: 0 | M122: 0 | T122: Strategy / Policy Consultations | U122: 0 | V122: 0
F123: Quarry drone surveys | G123: 0 | H123: 0 | I123: 0 | J123: 0 | K123: Quarry drone surveys | L123: 0 | M123: 0 | T123: Smoking Control on Beaches | U123: 0 | V123: 0
F124: Waste Dumping | G124: 0 | H124: 0 | I124: 0 | J124: 0 | K124: Waste Dumping | L124: 0 | M124: 0 | T124: Not ERA Remit | U124: 0 | V124: 0
F125: Waste Incineration | G125: 0 | H125: 0 | I125: 0 | J125: 0 | K125: Waste Incineration | L125: 0 | M125: 0
F126: Farm operations | G126: 0 | H126: 0 | I126: 0 | J126: 0 | K126: Farm operations | L126: 0 | M126: 0
F127: Aquaculture | G127: 0 | H127: 0 | I127: 0 | J127: 0 | K127: Aquaculture | L127: 0 | M127: 0
F128: COMAH - Control of Major Accident Hazards | G128: 0 | H128: 0 | I128: 0 | J128: 0 | K128: COMAH - Control of Major Accident Hazards | L128: 0 | M128: 0
F129: LCPs, STPs, ROs, NFRP and Port Facilities | G129: 0 | H129: 0 | I129: 0 | J129: 0 | K129: LCPs, STPs, ROs, NFRP and Port Facilities | L129: 0 | M129: 0
...

Sheet March
B2: 1 | C2: Statistics Item | D2: Total | F2: North Region | K2: South Region | N2: Market Surveillance | Q2: Border Control | T2: Operations + Admin
C3: Total Cases and/or Complaints (Internal & External) received and closed | D3: Opened | E3: Closed | G3: Opened - Malta | H3: Opened - Gozo | I3: Closed - Malta | J3: Closed - Gozo | L3: Opened | M3: Closed | O3: Opened | P3: Closed | R3: Opened | S3: Closed | U3: Opened | V3: Closed
D4: =SUM(G4,H4,L4,O4,R4,U4) -> 0 | E4: =SUM(I4,J4,M4,P4,S4,V4) -> 0 | G4: =SUM(G5:G34) -> 0 | H4: =SUM(H5:H34) -> 0 | I4: =SUM(I5:I34) -> 0 | J4: =SUM(J5:J34) -> 0 | L4: =SUM(L5:L34) -> 0 | M4: =SUM(M5:M34) -> 0 | O4: =SUM(O5:O10) -> 0 | P4: =SUM(P5:P10) -> 0 | R4: =SUM(R5:R11) -> 0 | S4: =SUM(S5:S11) -> 0 | U4: =SUM(U5:U13) -> 0 | V4: =SUM(V5:V13) -> 0
F5: Waste Management Facilities | G5: 0 | H5: 0 | I5: 0 | J5: 0 | K5: Waste Management Facilities | L5: 0 | M5: 0 | N5: Local Waste Transfers – Waste Carriers | O5: 0 | P5: 0 | Q5: Wildlife trade / Species Protection & Control border movements | R5: 0 | S5: 0 | T5: Development / Development permit related | U5: 0 | V5: 0
F6: Quarries and related Industries | G6: 0 | H6: 0 | I6: 0 | J6: 0 | K6: Quarries and related Industries | L6: 0 | M6: 0 | N6: Shipments of waste | O6: 0 | P6: 0 | Q6: Wildlife Trade / Species Protection & Control excluding border movements | R6: 0 | S6: 0 | T6: AERs - Annual Environment Reports | U6: 0 | V6: 0
F7: Manufacturing operations | G7: 0 | H7: 0 | I7: 0 | J7: 0 | K7: Manufacturing operations | L7: 0 | M7: 0 | N7: Recycling points | O7: 0 | P7: 0 | Q7: GMOs - Genetically Modified Organisms | R7: 0 | S7: 0 | T7: Litter | U7: 0 | V7: 0
F8: Pharmaceutical industry | G8: 0 | H8: 0 | I8: 0 | J8: 0 | K8: Pharmaceutical industry | L8: 0 | M8: 0 | N8: Extended Producer Responsibility | O8: 0 | P8: 0 | Q8: FLEGT - Forest Law Enforcement, Governance and Trade | R8: 0 | S8: 0 | T8: Development Permit Clearances | U8: 0 | V8: 0
F9: Petrol Stations | G9: 0 | H9: 0 | I9: 0 | J9: 0 | K9: Petrol Stations | L9: 0 | M9: 0 | N9: Consignment notes | O9: 0 | P9: 0 | Q9: EUTR/EUDR - EU Timber Regulations / EU Deforestation Regulation | R9: 0 | S9: 0 | T9: Nature Activity Reports | U9: 0 | V9: 0
F10: VOCs - Volatile Organic Compounds | G10: 0 | H10: 0 | I10: 0 | J10: 0 | K10: VOCs - Volatile Organic Compounds | L10: 0 | M10: 0 | N10: Disposal at Sea | O10: 0 | P10: 0 | Q10: SUPs - Movement and Importation | R10: 0 | S10: 0 | T10: CCTVs | U10: 0 | V10: 0
F11: MCPs - Medium Combustion Plants | G11: 0 | H11: 0 | I11: 0 | J11: 0 | K11: MCPs - Medium Combustion Plants | L11: 0 | M11: 0 | Q11: SUPs - Placing on the Market | R11: 0 | S11: 0 | T11: EP Consultations | U11: 0 | V11: 0
C12: ADDITIONAL INFORMATION This data will be collected by CED Operations/Admin: - Cases Opened during reporting year - Cases Closed only during reporting year (including cases opened in years prior to the reporting year) | F12: Maintenance Industries | G12: 0 | H12: 0 | I12: 0 | J12: 0 | K12: Maintenance Industries | L12: 0 | M12: 0 | T12: Strategy / Policy Consultations | U12: 0 | V12: 0
F13: Quarry drone surveys | G13: 0 | H13: 0 | I13: 0 | J13: 0 | K13: Quarry drone surveys | L13: 0 | M13: 0 | T13: Smoking Control on Beaches | U13: 0 | V13: 0
F14: Waste Dumping | G14: 0 | H14: 0 | I14: 0 | J14: 0 | K14: Waste Dumping | L14: 0 | M14: 0 | T14: Not ERA Remit | U14: 0 | V14: 0
F15: Waste Incineration | G15: 0 | H15: 0 | I15: 0 | J15: 0 | K15: Waste Incineration | L15: 0 | M15: 0
F16: Farm operations | G16: 0 | H16: 0 | I16: 0 | J16: 0 | K16: Farm operations | L16: 0 | M16: 0
F17: Aquaculture | G17: 0 | H17: 0 | I17: 0 | J17: 0 | K17: Aquaculture | L17: 0 | M17: 0
F18: COMAH - Control of Major Accident Hazards | G18: 0 | H18: 0 | I18: 0 | J18: 0 | K18: COMAH - Control of Major Accident Hazards | L18: 0 | M18: 0
F19: LCPs, STPs, ROs, NFRP and Port Facilities | G19: 0 | H19: 0 | I19: 0 | J19: 0 | K19: LCPs, STPs, ROs, NFRP and Port Facilities | L19: 0 | M19: 0
F20: Fuel Terminals | G20: 0 | H20: 0 | I20: 0 | J20: 0 | K20: Fuel Terminals | L20: 0 | M20: 0
F21: Construction / Demolition -related marine pollution | G21: 0 | H21: 0 | I21: 0 | J21: 0 | K21: Construction / Demolition -related marine pollution | L21: 0 | M21: 0
F22: Hotels and hospitality | G22: 0 | H22: 0 | I22: 0 | J22: 0 | K22: Hotels and hospitality | L22: 0 | M22: 0
F23: Groundwater (Boreholes) | G23: 0 | H23: 0 | I23: 0 | J23: 0 | K23: Groundwater (Boreholes) | L23: 0 | M23: 0
F24: Sewage in sea | G24: 0 | H24: 0 | I24: 0 | J24: 0 | K24: Sewage in sea | L24: 0 | M24: 0
F25: Exceedances in emissions/discharges | G25: 0 | H25: 0 | I25: 0 | J25: 0 | K25: Exceedances in emissions/discharges | L25: 0 | M25: 0
F26: Tree Protection | G26: 0 | H26: 0 | I26: 0 | J26: 0 | K26: Tree Protection | L26: 0 | M26: 0
... F34: Oil Spills / Major Incidents | G34: 0 | H34: 0 | I34: 0 | J34: 0 | K34: Oil Spills / Major Incidents | L34: 0 | M34: 0
B38: 2 | C38: Statistics Item | D38: Total | F38: North Region | K38: South Region | N38: Market Surveillance | Q38: Border Control | T38: Operations + Admin
C39: Total Orders Issued and Closed | D39: Issued | E39: Closed | G39: Issued - Malta | H39: Issued - Gozo | I39: Closed - Malta | J39: Closed - Gozo | L39: Issued | M39: Closed | O39: Issued | P39: Closed | R39: Issued | S39: Closed | U39: Issued | V39: Closed
D40: =SUM(G40,H40,L40,O40,R40,U40) -> 0 | E40: =SUM(I40,J40,M40,P40,S40,V40) -> 0 | G40: =SUM(G41:G70) -> 0 | H40: =SUM(H41:H70) -> 0 | I40: =SUM(I41:I70) -> 0 | J40: =SUM(J41:J70) -> 0 | L40: =SUM(L41:L70) -> 0 | M40: =SUM(M41:M70) -> 0 | O40: =SUM(O41:O46) -> 0 | P40: =SUM(P41:P46) -> 0 | R40: =SUM(R41:R47) -> 0 | S40: =SUM(S41:S47) -> 0 | U40: =SUM(U41:U49) -> 0 | V40: =SUM(V41:V49) -> 0
F41: Waste Management Facilities | G41: 0 | H41: 0 | I41: 0 | J41: 0 | K41: Waste Management Facilities | L41: 0 | M41: 0 | N41: Local Waste Transfers – Waste Carriers | O41: 0 | P41: 0 | Q41: Wildlife trade / Species Protection & Control border movements | R41: 0 | S41: 0 | T41: Development / Development permit related | U41: 0 | V41: 0
F42: Quarries and related Industries | G42: 0 | H42: 0 | I42: 0 | J42: 0 | K42: Quarries and related Industries | L42: 0 | M42: 0 | N42: Shipments of waste | O42: 0 | P42: 0 | Q42: Wildlife Trade / Species Protection & Control excluding border movements | R42: 0 | S42: 0 | T42: AERs - Annual Environment Reports | U42: 0 | V42: 0
F43: Manufacturing operations | G43: 0 | H43: 0 | I43: 0 | J43: 0 | K43: Manufacturing operations | L43: 0 | M43: 0 | N43: Recycling points | O43: 0 | P43: 0 | Q43: GMOs - Genetically Modified Organisms | R43: 0 | S43: 0 | T43: Litter | U43: 0 | V43: 0
F44: Pharmaceutical industry | G44: 0 | H44: 0 | I44: 0 | J44: 0 | K44: Pharmaceutical industry | L44: 0 | M44: 0 | N44: Extended Producer Responsibility | O44: 0 | P44: 0 | Q44: FLEGT - Forest Law Enforcement, Governance and Trade | R44: 0 | S44: 0 | T44: Development Permit Clearances | U44: 0 | V44: 0
F45: Petrol Stations | G45: 0 | H45: 0 | I45: 0 | J45: 0 | K45: Petrol Stations | L45: 0 | M45: 0 | N45: Consignment notes | O45: 0 | P45: 0 | Q45: EUTR/EUDR - EU Timber Regulations / EU Deforestation Regulation | R45: 0 | S45: 0 | T45: Nature Activity Reports | U45: 0 | V45: 0
F46: VOCs - Volatile Organic Compounds | G46: 0 | H46: 0 | I46: 0 | J46: 0 | K46: VOCs - Volatile Organic Compounds | L46: 0 | M46: 0 | N46: Disposal at Sea | O46: 0 | P46: 0 | Q46: SUPs - Movement and Importation | R46: 0 | S46: 0 | T46: CCTVs | U46: 0 | V46: 0
F47: MCPs - Medium Combustion Plants | G47: 0 | H47: 0 | I47: 0 | J47: 0 | K47: MCPs - Medium Combustion Plants | L47: 0 | M47: 0 | Q47: SUPs - Placing on the Market | R47: 0 | S47: 0 | T47: EP Consultations | U47: 0 | V47: 0
F48: Maintenance Industries | G48: 0 | H48: 0 | I48: 0 | J48: 0 | K48: Maintenance Industries | L48: 0 | M48: 0 | T48: Strategy / Policy Consultations | U48: 0 | V48: 0
F49: Quarry drone surveys | G49: 0 | H49: 0 | I49: 0 | J49: 0 | K49: Quarry drone surveys | L49: 0 | M49: 0 | T49: Smoking Control on Beaches | U49: 0 | V49: 0
F50: Waste Dumping | G50: 0 | H50: 0 | I50: 0 | J50: 0 | K50: Waste Dumping | L50: 0 | M50: 0 | T50: Not ERA Remit | U50: 0 | V50: 0
C51: ADDITIONAL INFORMATION Issued ORDERS should only be limited to reporting year. Closed ORDERS should include all ORDERS closed in reporting year. | F51: Waste Incineration | G51: 0 | H51: 0 | I51: 0 | J51: 0 | K51: Waste Incineration | L51: 0 | M51: 0
F52: Farm operations | G52: 0 | H52: 0 | I52: 0 | J52: 0 | K52: Farm operations | L52: 0 | M52: 0
F53: Aquaculture | G53: 0 | H53: 0 | I53: 0 | J53: 0 | K53: Aquaculture | L53: 0 | M53: 0
F54: COMAH - Control of Major Accident Hazards | G54: 0 | H54: 0 | I54: 0 | J54: 0 | K54: COMAH - Control of Major Accident Hazards | L54: 0 | M54: 0
F55: LCPs, STPs, ROs, NFRP and Port Facilities | G55: 0 | H55: 0 | I55: 0 | J55: 0 | K55: LCPs, STPs, ROs, NFRP and Port Facilities | L55: 0 | M55: 0
F56: Fuel Terminals | G56: 0 | H56: 0 | I56: 0 | J56: 0 | K56: Fuel Terminals | L56: 0 | M56: 0
F57: Construction / Demolition -related marine pollution | G57: 0 | H57: 0 | I57: 0 | J57: 0 | K57: Construction / Demolition -related marine pollution | L57: 0 | M57: 0
F58: Hotels and hospitality | G58: 0 | H58: 0 | I58: 0 | J58: 0 | K58: Hotels and hospitality | L58: 0 | M58: 0
F59: Groundwater (Boreholes) | G59: 0 | H59: 0 | I59: 0 | J59: 0 | K59: Groundwater (Boreholes) | L59: 0 | M59: 0
F60: Sewage in sea | G60: 0 | H60: 0 | I60: 0 | J60: 0 | K60: Sewage in sea | L60: 0 | M60: 0
F61: Exceedances in emissions/discharges | G61: 0 | H61: 0 | I61: 0 | J61: 0 | K61: Exceedances in emissions/discharges | L61: 0 | M61: 0
F62: Tree Protection | G62: 0 | H62: 0 | I62: 0 | J62: 0 | K62: Tree Protection | L62: 0 | M62: 0
F63: Species Protection | G63: 0 | H63: 0 | I63: 0 | J63: 0 | K63: Species Protection | L63: 0 | M63: 0
... F70: Oil Spills / Major Incidents | G70: 0 | H70: 0 | I70: 0 | J70: 0 | K70: Oil Spills / Major Incidents | L70: 0 | M70: 0
B74: 3 | C74: Statistics Item | D74: Total | F74: North Region | K74: South Region | N74: Market Surveillance | Q74: Border Control | T74: Operations + Admin
C75: Total Number & Description of Direct Actions / Clean-Ups | D75: =SUM(G77,I77,L77,O77,R77,U77) -> 0 | G75: Total | L75: Total | O75: Total | R75: Total | U75: Total
G76: Malta | I76: Gozo
G77: =SUM(G78:H109) -> 0 | I77: =SUM(I78:J109) -> 0 | L77: =SUM(L78:M109) -> 0 | O77: =SUM(O78:P84) -> 0 | R77: =SUM(R78:S85) -> 0 | U77: =SUM(U78:V85) -> 0
F78: Waste Management Facilities | G78: 0 | H78: 0 | I78: 0 | J78: 0 | K78: Waste Management Facilities | L78: 0 | M78: 0 | N78: Local Waste Transfers – Waste Carriers | O78: 0 | P78: 0 | Q78: Wildlife trade / Species Protection & Control border movements | R78: 0 | S78: 0 | T78: Development / Development permit related | U78: 0 | V78: 0
F79: Quarries and related Industries | G79: 0 | H79: 0 | I79: 0 | J79: 0 | K79: Quarries and related Industries | L79: 0 | M79: 0 | N79: Shipments of waste | O79: 0 | P79: 0 | Q79: Wildlife Trade / Species Protection & Control excluding border movements | R79: 0 | S79: 0 | T79: AERs - Annual Environment Reports | U79: 0 | V79: 0
F80: Manufacturing operations | G80: 0 | H80: 0 | I80: 0 | J80: 0 | K80: Manufacturing operations | L80: 0 | M80: 0 | N80: Recycling points | O80: 0 | P80: 0 | Q80: GMOs - Genetically Modified Organisms | R80: 0 | S80: 0 | T80: Litter | U80: 0 | V80: 0
F81: Pharmaceutical industry | G81: 0 | H81: 0 | I81: 0 | J81: 0 | K81: Pharmaceutical industry | L81: 0 | M81: 0 | N81: Extended Producer Responsibility | O81: 0 | P81: 0 | Q81: FLEGT - Forest Law Enforcement, Governance and Trade | R81: 0 | S81: 0 | T81: Development Permit Clearances | U81: 0 | V81: 0
F82: Petrol Stations | G82: 0 | H82: 0 | I82: 0 | J82: 0 | K82: Petrol Stations | L82: 0 | M82: 0 | N82: Consignment notes | O82: 0 | P82: 0 | Q82: EUTR/EUDR - EU Timber Regulations / EU Deforestation Regulation | R82: 0 | S82: 0 | T82: Nature Activity Reports | U82: 0 | V82: 0
F83: VOCs - Volatile Organic Compounds | G83: 0 | H83: 0 | I83: 0 | J83: 0 | K83: VOCs - Volatile Organic Compounds | L83: 0 | M83: 0 | N83: Disposal at Sea | O83: 0 | P83: 0 | Q83: SUPs - Movement and Importation | R83: 0 | S83: 0 | T83: CCTVs | U83: 0 | V83: 0
F84: MCPs - Medium Combustion Plants | G84: 0 | H84: 0 | I84: 0 | J84: 0 | K84: MCPs - Medium Combustion Plants | L84: 0 | M84: 0 | Q84: SUPs - Placing on the Market | R84: 0 | S84: 0 | T84: EP Consultations | U84: 0 | V84: 0
F85: Maintenance Industries | G85: 0 | H85: 0 | I85: 0 | J85: 0 | K85: Maintenance Industries | L85: 0 | M85: 0 | T85: Strategy / Policy Consultations | U85: 0 | V85: 0
F86: Quarry drone surveys | G86: 0 | H86: 0 | I86: 0 | J86: 0 | K86: Quarry drone surveys | L86: 0 | M86: 0 | T86: Smoking Control on Beaches | U86: 0 | V86: 0
F87: Waste Dumping | G87: 0 | H87: 0 | I87: 0 | J87: 0 | K87: Waste Dumping | L87: 0 | M87: 0 | T87: Not ERA Remit | U87: 0 | V87: 0
C88: ADDITIONAL INFORMATION Teams are urged to suggest additional Actions if needed to prevent instances of 0 data when no actions take place. | F88: Waste Incineration | G88: 0 | H88: 0 | I88: 0 | J88: 0 | K88: Waste Incineration | L88: 0 | M88: 0
F89: Farm operations | G89: 0 | H89: 0 | I89: 0 | J89: 0 | K89: Farm operations | L89: 0 | M89: 0
F90: Aquaculture | G90: 0 | H90: 0 | I90: 0 | J90: 0 | K90: Aquaculture | L90: 0 | M90: 0
F91: COMAH - Control of Major Accident Hazards | G91: 0 | H91: 0 | I91: 0 | J91: 0 | K91: COMAH - Control of Major Accident Hazards | L91: 0 | M91: 0
F92: LCPs, STPs, ROs, NFRP and Port Facilities | G92: 0 | H92: 0 | I92: 0 | J92: 0 | K92: LCPs, STPs, ROs, NFRP and Port Facilities | L92: 0 | M92: 0
F93: Fuel Terminals | G93: 0 | H93: 0 | I93: 0 | J93: 0 | K93: Fuel Terminals | L93: 0 | M93: 0
F94: Construction / Demolition -related marine pollution | G94: 0 | H94: 0 | I94: 0 | J94: 0 | K94: Construction / Demolition -related marine pollution | L94: 0 | M94: 0
F95: Hotels and hospitality | G95: 0 | H95: 0 | I95: 0 | J95: 0 | K95: Hotels and hospitality | L95: 0 | M95: 0
F96: Groundwater (Boreholes) | G96: 0 | H96: 0 | I96: 0 | J96: 0 | K96: Groundwater (Boreholes) | L96: 0 | M96: 0
F97: Sewage in sea | G97: 0 | H97: 0 | I97: 0 | J97: 0 | K97: Sewage in sea | L97: 0 | M97: 0
F98: Exceedances in emissions/discharges | G98: 0 | H98: 0 | I98: 0 | J98: 0 | K98: Exceedances in emissions/discharges | L98: 0 | M98: 0
F99: Tree Protection | G99: 0 | H99: 0 | I99: 0 | J99: 0 | K99: Tree Protection | L99: 0 | M99: 0
F100: Species Protection | G100: 0 | H100: 0 | I100: 0 | J100: 0 | K100: Species Protection | L100: 0 | M100: 0
... F107: Oil Spills / Major Incidents | G107: 0 | H107: 0 | I107: 0 | J107: 0 | K107: Oil Spills / Major Incidents | L107: 0 | M107: 0
B111: 4 | C111: Statistics Item | D111: Total | F111: North Region | K111: South Region | N111: Market Surveillance | Q111: Border Control | T111: Operations + Admin
C112: Total Administrative Fines Issued and Settled (by payment and/or remediation) | D112: Issued | E112: Closed (paid & remediated) *remediated when required | G112: Issued | I112: Closed (paid & remediated) *remediated when required | L112: Issued | M112: Closed (paid & remediated) *remediated when required | O112: Issued | P112: Closed (paid & remediated) *remediated when required | R112: Issued | S112: Closed (paid & remediated) *remediated when required | U112: Issued | V112: Closed (paid & remediated) *remediated when required
D113: =SUM(G113,H113,L113,O113,R113,U113) -> 0 | E113: =SUM(I113,J113,M113,P113,S113,V113) -> 0 | G113: =SUM(G115:G146) -> 0 | H113: =SUM(H115:H146) -> 0 | I113: =SUM(I115:I146) -> 0 | J113: =SUM(J115:J146) -> 0 | L113: =SUM(L115:L146) -> 0 | M113: =SUM(M115:M146) -> 0 | O113: =SUM(O115:O121) -> 0 | P113: =SUM(P115:P121) -> 0 | R113: =SUM(R115:R122) -> 0 | S113: =SUM(S115:S122) -> 0 | U113: =SUM(U115:U123) -> 0 | V113: =SUM(V115:V123) -> 0
G114: Malta | H114: Gozo | I114: Malta | J114: Gozo
F115: Waste Management Facilities | G115: 0 | H115: 0 | I115: 0 | J115: 0 | K115: Waste Management Facilities | L115: 0 | M115: 0 | N115: Local Waste Transfers – Waste Carriers | O115: 0 | P115: 0 | Q115: Wildlife trade / Species Protection & Control border movements | R115: 0 | S115: 0 | T115: Development / Development permit related | U115: 0 | V115: 0
F116: Quarries and related Industries | G116: 0 | H116: 0 | I116: 0 | J116: 0 | K116: Quarries and related Industries | L116: 0 | M116: 0 | N116: Shipments of waste | O116: 0 | P116: 0 | Q116: Wildlife Trade / Species Protection & Control excluding border movements | R116: 0 | S116: 0 | T116: AERs - Annual Environment Reports | U116: 0 | V116: 0
F117: Manufacturing operations | G117: 0 | H117: 0 | I117: 0 | J117: 0 | K117: Manufacturing operations | L117: 0 | M117: 0 | N117: Recycling points | O117: 0 | P117: 0 | Q117: GMOs - Genetically Modified Organisms | R117: 0 | S117: 0 | T117: Litter | U117: 0 | V117: 0
F118: Pharmaceutical industry | G118: 0 | H118: 0 | I118: 0 | J118: 0 | K118: Pharmaceutical industry | L118: 0 | M118: 0 | N118: Extended Producer Responsibility | O118: 0 | P118: 0 | Q118: FLEGT - Forest Law Enforcement, Governance and Trade | R118: 0 | S118: 0 | T118: Development Permit Clearances | U118: 0 | V118: 0
F119: Petrol Stations | G119: 0 | H119: 0 | I119: 0 | J119: 0 | K119: Petrol Stations | L119: 0 | M119: 0 | N119: Consignment notes | O119: 0 | P119: 0 | Q119: EUTR/EUDR - EU Timber Regulations / EU Deforestation Regulation | R119: 0 | S119: 0 | T119: Nature Activity Reports | U119: 0 | V119: 0
F120: VOCs - Volatile Organic Compounds | G120: 0 | H120: 0 | I120: 0 | J120: 0 | K120: VOCs - Volatile Organic Compounds | L120: 0 | M120: 0 | N120: Disposal at Sea | O120: 0 | P120: 0 | Q120: SUPs - Movement and Importation | R120: 0 | S120: 0 | T120: CCTVs | U120: 0 | V120: 0
F121: MCPs - Medium Combustion Plants | G121: 0 | H121: 0 | I121: 0 | J121: 0 | K121: MCPs - Medium Combustion Plants | L121: 0 | M121: 0 | Q121: SUPs - Placing on the Market | R121: 0 | S121: 0 | T121: EP Consultations | U121: 0 | V121: 0
C122: ADDITIONAL INFORMATION This data will be collected by CED Operations: Fines Issued should only be limited to cases for reporting year Fines Paid should include all Fines Paid during reporting year (including Fines issued prior to that year but Paid during reporting year) | F122: Maintenance Industries | G122: 0 | H122: 0 | I122: 0 | J122: 0 | K122: Maintenance Industries | L122: 0 | M122: 0 | T122: Strategy / Policy Consultations | U122: 0 | V122: 0
F123: Quarry drone surveys | G123: 0 | H123: 0 | I123: 0 | J123: 0 | K123: Quarry drone surveys | L123: 0 | M123: 0 | T123: Smoking Control on Beaches | U123: 0 | V123: 0
F124: Waste Dumping | G124: 0 | H124: 0 | I124: 0 | J124: 0 | K124: Waste Dumping | L124: 0 | M124: 0 | T124: Not ERA Remit | U124: 0 | V124: 0
F125: Waste Incineration | G125: 0 | H125: 0 | I125: 0 | J125: 0 | K125: Waste Incineration | L125: 0 | M125: 0
F126: Farm operations | G126: 0 | H126: 0 | I126: 0 | J126: 0 | K126: Farm operations | L126: 0 | M126: 0
F127: Aquaculture | G127: 0 | H127: 0 | I127: 0 | J127: 0 | K127: Aquaculture | L127: 0 | M127: 0
F128: COMAH - Control of Major Accident Hazards | G128: 0 | H128: 0 | I128: 0 | J128: 0 | K128: COMAH - Control of Major Accident Hazards | L128: 0 | M128: 0
F129: LCPs, STPs, ROs, NFRP and Port Facilities | G129: 0 | H129: 0 | I129: 0 | J129: 0 | K129: LCPs, STPs, ROs, NFRP and Port Facilities | L129: 0 | M129: 0
...

Sheet Q1
B2: 1 | C2: Statistics Item | D2: Total | F2: North Region | K2: South Region | N2: Market Surveillance | Q2: Border Control | T2: Operations + Admin
C3: Total Cases and/or Complaints (Internal & External) received and closed | D3: Opened | E3: Closed | G3: Opened - Malta | H3: Opened - Gozo | I3: Closed - Malta | J3: Closed - Gozo | L3: Opened | M3: Closed | O3: Opened | P3: Closed | R3: Opened | S3: Closed | U3: Opened | V3: Closed
D4: =SUM(G4,H4,L4,O4,R4,U4) -> 0 | E4: =SUM(I4,J4,M4,P4,S4,V4) -> 0 | G4: =SUM(G5:G34) -> 0 | H4: =SUM(H5:H34) -> 0 | I4: =SUM(I5:I34) -> 0 | J4: =SUM(J5:J34) -> 0 | L4: =SUM(L5:L34) -> 0 | M4: =SUM(M5:M34) -> 0 | O4: =SUM(O5:O10) -> 0 | P4: =SUM(P5:P10) -> 0 | R4: =SUM(R5:R11) -> 0 | S4: =SUM(S5:S11) -> 0 | U4: =SUM(U5:U13) -> 0 | V4: =SUM(V5:V13) -> 0
F5: Waste Management Facilities | G5: 0 | H5: 0 | I5: 0 | J5: 0 | K5: Waste Management Facilities | L5: 0 | M5: 0 | N5: Local Waste Transfers – Waste Carriers | O5: 0 | P5: 0 | Q5: Wildlife trade / Species Protection & Control border movements | R5: 0 | S5: 0 | T5: Development / Development permit related | U5: 0 | V5: 0
F6: Quarries and related Industries | G6: 0 | H6: 0 | I6: 0 | J6: 0 | K6: Quarries and related Industries | L6: 0 | M6: 0 | N6: Shipments of waste | O6: 0 | P6: 0 | Q6: Wildlife Trade / Species Protection & Control excluding border movements | R6: 0 | S6: 0 | T6: AERs - Annual Environment Reports | U6: 0 | V6: 0
F7: Manufacturing operations | G7: 0 | H7: 0 | I7: 0 | J7: 0 | K7: Manufacturing operations | L7: 0 | M7: 0 | N7: Recycling points | O7: 0 | P7: 0 | Q7: GMOs - Genetically Modified Organisms | R7: 0 | S7: 0 | T7: Litter | U7: 0 | V7: 0
F8: Pharmaceutical industry | G8: 0 | H8: 0 | I8: 0 | J8: 0 | K8: Pharmaceutical industry | L8: 0 | M8: 0 | N8: Extended Producer Responsibility | O8: 0 | P8: 0 | Q8: FLEGT - Forest Law Enforcement, Governance and Trade | R8: 0 | S8: 0 | T8: Development Permit Clearances | U8: 0 | V8: 0
F9: Petrol Stations | G9: 0 | H9: 0 | I9: 0 | J9: 0 | K9: Petrol Stations | L9: 0 | M9: 0 | N9: Consignment notes | O9: 0 | P9: 0 | Q9: EUTR/EUDR - EU Timber Regulations / EU Deforestation Regulation | R9: 0 | S9: 0 | T9: Nature Activity Reports | U9: 0 | V9: 0
F10: VOCs - Volatile Organic Compounds | G10: 0 | H10: 0 | I10: 0 | J10: 0 | K10: VOCs - Volatile Organic Compounds | L10: 0 | M10: 0 | N10: Disposal at Sea | O10: 0 | P10: 0 | Q10: SUPs - Movement and Importation | R10: 0 | S10: 0 | T10: CCTVs | U10: 0 | V10: 0
F11: MCPs - Medium Combustion Plants | G11: 0 | H11: 0 | I11: 0 | J11: 0 | K11: MCPs - Medium Combustion Plants | L11: 0 | M11: 0 | Q11: SUPs - Placing on the Market | R11: 0 | S11: 0 | T11: EP Consultations | U11: 0 | V11: 0
C12: ADDITIONAL INFORMATION This data will be collected by CED Operations/Admin: - Cases Opened during reporting year - Cases Closed only during reporting year (including cases opened in years prior to the reporting year) | F12: Maintenance Industries | G12: 0 | H12: 0 | I12: 0 | J12: 0 | K12: Maintenance Industries | L12: 0 | M12: 0 | T12: Strategy / Policy Consultations | U12: 0 | V12: 0
F13: Quarry drone surveys | G13: 0 | H13: 0 | I13: 0 | J13: 0 | K13: Quarry drone surveys | L13: 0 | M13: 0 | T13: Smoking Control on Beaches | U13: 0 | V13: 0
F14: Waste Dumping | G14: 0 | H14: 0 | I14: 0 | J14: 0 | K14: Waste Dumping | L14: 0 | M14: 0 | T14: Not ERA Remit | U14: 0 | V14: 0
F15: Waste Incineration | G15: 0 | H15: 0 | I15: 0 | J15: 0 | K15: Waste Incineration | L15: 0 | M15: 0
F16: Farm operations | G16: 0 | H16: 0 | I16: 0 | J16: 0 | K16: Farm operations | L16: 0 | M16: 0
F17: Aquaculture | G17: 0 | H17: 0 | I17: 0 | J17: 0 | K17: Aquaculture | L17: 0 | M17: 0
F18: COMAH - Control of Major Accident Hazards | G18: 0 | H18: 0 | I18: 0 | J18: 0 | K18: COMAH - Control of Major Accident Hazards | L18: 0 | M18: 0
F19: LCPs, STPs, ROs, NFRP and Port Facilities | G19: 0 | H19: 0 | I19: 0 | J19: 0 | K19: LCPs, STPs, ROs, NFRP and Port Facilities | L19: 0 | M19: 0
F20: Fuel Terminals | G20: 0 | H20: 0 | I20: 0 | J20: 0 | K20: Fuel Terminals | L20: 0 | M20: 0
F21: Construction / Demolition -related marine pollution | G21: 0 | H21: 0 | I21: 0 | J21: 0 | K21: Construction / Demolition -related marine pollution | L21: 0 | M21: 0
F22: Hotels and hospitality | G22: 0 | H22: 0 | I22: 0 | J22: 0 | K22: Hotels and hospitality | L22: 0 | M22: 0
F23: Groundwater (Boreholes) | G23: 0 | H23: 0 | I23: 0 | J23: 0 | K23: Groundwater (Boreholes) | L23: 0 | M23: 0
F24: Sewage in sea | G24: 0 | H24: 0 | I24: 0 | J24: 0 | K24: Sewage in sea | L24: 0 | M24: 0
F25: Exceedances in emissions/discharges | G25: 0 | H25: 0 | I25: 0 | J25: 0 | K25: Exceedances in emissions/discharges | L25: 0 | M25: 0
F26: Tree Protection | G26: 0 | H26: 0 | I26: 0 | J26: 0 | K26: Tree Protection | L26: 0 | M26: 0
... F34: Oil Spills / Major Incidents | G34: 0 | H34: 0 | I34: 0 | J34: 0 | K34: Oil Spills / Major Incidents | L34: 0 | M34: 0
B38: 2 | C38: Statistics Item | D38: Total | F38: North Region | K38: South Region | N38: Market Surveillance | Q38: Border Control | T38: Operations + Admin
C39: Total Orders Issued and Closed | D39: Issued | E39: Closed | G39: Issued - Malta | H39: Issued - Gozo | I39: Closed - Malta | J39: Closed - Gozo | L39: Issued | M39: Closed | O39: Issued | P39: Closed | R39: Issued | S39: Closed | U39: Issued | V39: Closed
D40: =SUM(G40,H40,L40,O40,R40,U40) -> 0 | E40: =SUM(I40,J40,M40,P40,S40,V40) -> 0 | G40: =SUM(G41:G70) -> 0 | H40: =SUM(H41:H70) -> 0 | I40: =SUM(I41:I70) -> 0 | J40: =SUM(J41:J70) -> 0 | L40: =SUM(L41:L70) -> 0 | M40: =SUM(M41:M70) -> 0 | O40: =SUM(O41:O46) -> 0 | P40: =SUM(P41:P46) -> 0 | R40: =SUM(R41:R47) -> 0 | S40: =SUM(S41:S47) -> 0 | U40: =SUM(U41:U49) -> 0 | V40: =SUM(V41:V49) -> 0
F41: Waste Management Facilities | G41: 0 | H41: 0 | I41: 0 | J41: 0 | K41: Waste Management Facilities | L41: 0 | M41: 0 | N41: Local Waste Transfers – Waste Carriers | O41: 0 | P41: 0 | Q41: Wildlife trade / Species Protection & Control border movements | R41: 0 | S41: 0 | T41: Development / Development permit related | U41: 0 | V41: 0
F42: Quarries and related Industries | G42: 0 | H42: 0 | I42: 0 | J42: 0 | K42: Quarries and related Industries | L42: 0 | M42: 0 | N42: Shipments of waste | O42: 0 | P42: 0 | Q42: Wildlife Trade / Species Protection & Control excluding border movements | R42: 0 | S42: 0 | T42: AERs - Annual Environment Reports | U42: 0 | V42: 0
F43: Manufacturing operations | G43: 0 | H43: 0 | I43: 0 | J43: 0 | K43: Manufacturing operations | L43: 0 | M43: 0 | N43: Recycling points | O43: 0 | P43: 0 | Q43: GMOs - Genetically Modified Organisms | R43: 0 | S43: 0 | T43: Litter | U43: 0 | V43: 0
F44: Pharmaceutical industry | G44: 0 | H44: 0 | I44: 0 | J44: 0 | K44: Pharmaceutical industry | L44: 0 | M44: 0 | N44: Extended Producer Responsibility | O44: 0 | P44: 0 | Q44: FLEGT - Forest Law Enforcement, Governance and Trade | R44: 0 | S44: 0 | T44: Development Permit Clearances | U44: 0 | V44: 0
F45: Petrol Stations | G45: 0 | H45: 0 | I45: 0 | J45: 0 | K45: Petrol Stations | L45: 0 | M45: 0 | N45: Consignment notes | O45: 0 | P45: 0 | Q45: EUTR/EUDR - EU Timber Regulations / EU Deforestation Regulation | R45: 0 | S45: 0 | T45: Nature Activity Reports | U45: 0 | V45: 0
F46: VOCs - Volatile Organic Compounds | G46: 0 | H46: 0 | I46: 0 | J46: 0 | K46: VOCs - Volatile Organic Compounds | L46: 0 | M46: 0 | N46: Disposal at Sea | O46: 0 | P46: 0 | Q46: SUPs - Movement and Importation | R46: 0 | S46: 0 | T46: CCTVs | U46: 0 | V46: 0
F47: MCPs - Medium Combustion Plants | G47: 0 | H47: 0 | I47: 0 | J47: 0 | K47: MCPs - Medium Combustion Plants | L47: 0 | M47: 0 | Q47: SUPs - Placing on the Market | R47: 0 | S47: 0 | T47: EP Consultations | U47: 0 | V47: 0
F48: Maintenance Industries | G48: 0 | H48: 0 | I48: 0 | J48: 0 | K48: Maintenance Industries | L48: 0 | M48: 0 | T48: Strategy / Policy Consultations | U48: 0 | V48: 0
F49: Quarry drone surveys | G49: 0 | H49: 0 | I49: 0 | J49: 0 | K49: Quarry drone surveys | L49: 0 | M49: 0 | T49: Smoking Control on Beaches | U49: 0 | V49: 0
F50: Waste Dumping | G50: 0 | H50: 0 | I50: 0 | J50: 0 | K50: Waste Dumping | L50: 0 | M50: 0 | T50: Not ERA Remit | U50: 0 | V50: 0
C51: ADDITIONAL INFORMATION Issued ORDERS should only be limited to reporting year. Closed ORDERS should include all ORDERS closed in reporting year. | F51: Waste Incineration | G51: 0 | H51: 0 | I51: 0 | J51: 0 | K51: Waste Incineration | L51: 0 | M51: 0
F52: Farm operations | G52: 0 | H52: 0 | I52: 0 | J52: 0 | K52: Farm operations | L52: 0 | M52: 0
F53: Aquaculture | G53: 0 | H53: 0 | I53: 0 | J53: 0 | K53: Aquaculture | L53: 0 | M53: 0
F54: COMAH - Control of Major Accident Hazards | G54: 0 | H54: 0 | I54: 0 | J54: 0 | K54: COMAH - Control of Major Accident Hazards | L54: 0 | M54: 0
F55: LCPs, STPs, ROs, NFRP and Port Facilities | G55: 0 | H55: 0 | I55: 0 | J55: 0 | K55: LCPs, STPs, ROs, NFRP and Port Facilities | L55: 0 | M55: 0
F56: Fuel Terminals | G56: 0 | H56: 0 | I56: 0 | J56: 0 | K56: Fuel Terminals | L56: 0 | M56: 0
F57: Construction / Demolition -related marine pollution | G57: 0 | H57: 0 | I57: 0 | J57: 0 | K57: Construction / Demolition -related marine pollution | L57: 0 | M57: 0
F58: Hotels and hospitality | G58: 0 | H58: 0 | I58: 0 | J58: 0 | K58: Hotels and hospitality | L58: 0 | M58: 0
F59: Groundwater (Boreholes) | G59: 0 | H59: 0 | I59: 0 | J59: 0 | K59: Groundwater (Boreholes) | L59: 0 | M59: 0
F60: Sewage in sea | G60: 0 | H60: 0 | I60: 0 | J60: 0 | K60: Sewage in sea | L60: 0 | M60: 0
F61: Exceedances in emissions/discharges | G61: 0 | H61: 0 | I61: 0 | J61: 0 | K61: Exceedances in emissions/discharges | L61: 0 | M61: 0
F62: Tree Protection | G62: 0 | H62: 0 | I62: 0 | J62: 0 | K62: Tree Protection | L62: 0 | M62: 0
F63: Species Protection | G63: 0 | H63: 0 | I63: 0 | J63: 0 | K63: Species Protection | L63: 0 | M63: 0
... F70: Oil Spills / Major Incidents | G70: 0 | H70: 0 | I70: 0 | J70: 0 | K70: Oil Spills / Major Incidents | L70: 0 | M70: 0
B74: 3 | C74: Statistics Item | D74: Total | F74: North Region | K74: South Region | N74: Market Surveillance | Q74: Border Control | T74: Operations + Admin
C75: Total Number & Description of Direct Actions / Clean-Ups | D75: =SUM(G77,I77,L77,O77,R77,U77) -> 0 | G75: Total | L75: Total | O75: Total | R75: Total | U75: Total
G76: Malta | I76: Gozo
G77: =SUM(G78:H109) -> 0 | I77: =SUM(I78:J109) -> 0 | L77: =SUM(L78:M109) -> 0 | O77: =SUM(O78:P84) -> 0 | R77: =SUM(R78:S85) -> 0 | U77: =SUM(U78:V85) -> 0
F78: Waste Management Facilities | G78: 0 | H78: 0 | I78: 0 | J78: 0 | K78: Waste Management Facilities | L78: 0 | M78: 0 | N78: Local Waste Transfers – Waste Carriers | O78: 0 | P78: 0 | Q78: Wildlife trade / Species Protection & Control border movements | R78: 0 | S78: 0 | T78: Development / Development permit related | U78: 0 | V78: 0
F79: Quarries and related Industries | G79: 0 | H79: 0 | I79: 0 | J79: 0 | K79: Quarries and related Industries | L79: 0 | M79: 0 | N79: Shipments of waste | O79: 0 | P79: 0 | Q79: Wildlife Trade / Species Protection & Control excluding border movements | R79: 0 | S79: 0 | T79: AERs - Annual Environment Reports | U79: 0 | V79: 0
F80: Manufacturing operations | G80: 0 | H80: 0 | I80: 0 | J80: 0 | K80: Manufacturing operations | L80: 0 | M80: 0 | N80: Recycling points | O80: 0 | P80: 0 | Q80: GMOs - Genetically Modified Organisms | R80: 0 | S80: 0 | T80: Litter | U80: 0 | V80: 0
F81: Pharmaceutical industry | G81: 0 | H81: 0 | I81: 0 | J81: 0 | K81: Pharmaceutical industry | L81: 0 | M81: 0 | N81: Extended Producer Responsibility | O81: 0 | P81: 0 | Q81: FLEGT - Forest Law Enforcement, Governance and Trade | R81: 0 | S81: 0 | T81: Development Permit Clearances | U81: 0 | V81: 0
F82: Petrol Stations | G82: 0 | H82: 0 | I82: 0 | J82: 0 | K82: Petrol Stations | L82: 0 | M82: 0 | N82: Consignment notes | O82: 0 | P82: 0 | Q82: EUTR/EUDR - EU Timber Regulations / EU Deforestation Regulation | R82: 0 | S82: 0 | T82: Nature Activity Reports | U82: 0 | V82: 0
F83: VOCs - Volatile Organic Compounds | G83: 0 | H83: 0 | I83: 0 | J83: 0 | K83: VOCs - Volatile Organic Compounds | L83: 0 | M83: 0 | N83: Disposal at Sea | O83: 0 | P83: 0 | Q83: SUPs - Movement and Importation | R83: 0 | S83: 0 | T83: CCTVs | U83: 0 | V83: 0
F84: MCPs - Medium Combustion Plants | G84: 0 | H84: 0 | I84: 0 | J84: 0 | K84: MCPs - Medium Combustion Plants | L84: 0 | M84: 0 | Q84: SUPs - Placing on the Market | R84: 0 | S84: 0 | T84: EP Consultations | U84: 0 | V84: 0
F85: Maintenance Industries | G85: 0 | H85: 0 | I85: 0 | J85: 0 | K85: Maintenance Industries | L85: 0 | M85: 0 | T85: Strategy / Policy Consultations | U85: 0 | V85: 0
F86: Quarry drone surveys | G86: 0 | H86: 0 | I86: 0 | J86: 0 | K86: Quarry drone surveys | L86: 0 | M86: 0 | T86: Smoking Control on Beaches | U86: 0 | V86: 0
F87: Waste Dumping | G87: 0 | H87: 0 | I87: 0 | J87: 0 | K87: Waste Dumping | L87: 0 | M87: 0 | T87: Not ERA Remit | U87: 0 | V87: 0
C88: ADDITIONAL INFORMATION Teams are urged to suggest additional Actions if needed to prevent instances of 0 data when no actions take place. | F88: Waste Incineration | G88: 0 | H88: 0 | I88: 0 | J88: 0 | K88: Waste Incineration | L88: 0 | M88: 0
F89: Farm operations | G89: 0 | H89: 0 | I89: 0 | J89: 0 | K89: Farm operations | L89: 0 | M89: 0
F90: Aquaculture | G90: 0 | H90: 0 | I90: 0 | J90: 0 | K90: Aquaculture | L90: 0 | M90: 0
F91: COMAH - Control of Major Accident Hazards | G91: 0 | H91: 0 | I91: 0 | J91: 0 | K91: COMAH - Control of Major Accident Hazards | L91: 0 | M91: 0
F92: LCPs, STPs, ROs, NFRP and Port Facilities | G92: 0 | H92: 0 | I92: 0 | J92: 0 | K92: LCPs, STPs, ROs, NFRP and Port Facilities | L92: 0 | M92: 0
F93: Fuel Terminals | G93: 0 | H93: 0 | I93: 0 | J93: 0 | K93: Fuel Terminals | L93: 0 | M93: 0
F94: Construction / Demolition -related marine pollution | G94: 0 | H94: 0 | I94: 0 | J94: 0 | K94: Construction / Demolition -related marine pollution | L94: 0 | M94: 0
F95: Hotels and hospitality | G95: 0 | H95: 0 | I95: 0 | J95: 0 | K95: Hotels and hospitality | L95: 0 | M95: 0
F96: Groundwater (Boreholes) | G96: 0 | H96: 0 | I96: 0 | J96: 0 | K96: Groundwater (Boreholes) | L96: 0 | M96: 0
F97: Sewage in sea | G97: 0 | H97: 0 | I97: 0 | J97: 0 | K97: Sewage in sea | L97: 0 | M97: 0
F98: Exceedances in emissions/discharges | G98: 0 | H98: 0 | I98: 0 | J98: 0 | K98: Exceedances in emissions/discharges | L98: 0 | M98: 0
F99: Tree Protection | G99: 0 | H99: 0 | I99: 0 | J99: 0 | K99: Tree Protection | L99: 0 | M99: 0
F100: Species Protection | G100: 0 | H100: 0 | I100: 0 | J100: 0 | K100: Species Protection | L100: 0 | M100: 0
... F107: Oil Spills / Major Incidents | G107: 0 | H107: 0 | I107: 0 | J107: 0 | K107: Oil Spills / Major Incidents | L107: 0 | M107: 0
B111: 4 | C111: Statistics Item | D111: Total | F111: North Region | K111: South Region | N111: Market Surveillance | Q111: Border Control | T111: Operations + Admin
C112: Total Administrative Fines Issued and Settled (by payment and/or remediation) | D112: Issued | E112: Closed (paid & remediated) *remediated when required | G112: Issued | I112: Closed (paid & remediated) *remediated when required | L112: Issued | M112: Closed (paid & remediated) *remediated when required | O112: Issued | P112: Closed (paid & remediated) *remediated when required | R112: Issued | S112: Closed (paid & remediated) *remediated when required | U112: Issued | V112: Closed (paid & remediated) *remediated when required
D113: =SUM(G113,H113,L113,O113,R113,U113) -> 0 | E113: =SUM(I113,J113,M113,P113,S113,V113) -> 0 | G113: =SUM(G115:G146) -> 0 | H113: =SUM(H115:H146) -> 0 | I113: =SUM(I115:I146) -> 0 | J113: =SUM(J115:J146) -> 0 | L113: =SUM(L115:L146) -> 0 | M113: =SUM(M115:M146) -> 0 | O113: =SUM(O115:O121) -> 0 | P113: =SUM(P115:P121) -> 0 | R113: =SUM(R115:R122) -> 0 | S113: =SUM(S115:S122) -> 0 | U113: =SUM(U115:U123) -> 0 | V113: =SUM(V115:V123) -> 0
G114: Malta | H114: Gozo | I114: Malta | J114: Gozo
F115: Waste Management Facilities | G115: 0 | H115: 0 | I115: 0 | J115: 0 | K115: Waste Management Facilities | L115: 0 | M115: 0 | N115: Local Waste Transfers – Waste Carriers | O115: 0 | P115: 0 | Q115: Wildlife trade / Species Protection & Control border movements | R115: 0 | S115: 0 | T115: Development / Development permit related | U115: 0 | V115: 0
F116: Quarries and related Industries | G116: 0 | H116: 0 | I116: 0 | J116: 0 | K116: Quarries and related Industries | L116: 0 | M116: 0 | N116: Shipments of waste | O116: 0 | P116: 0 | Q116: Wildlife Trade / Species Protection & Control excluding border movements | R116: 0 | S116: 0 | T116: AERs - Annual Environment Reports | U116: 0 | V116: 0
F117: Manufacturing operations | G117: 0 | H117: 0 | I117: 0 | J117: 0 | K117: Manufacturing operations | L117: 0 | M117: 0 | N117: Recycling points | O117: 0 | P117: 0 | Q117: GMOs - Genetically Modified Organisms | R117: 0 | S117: 0 | T117: Litter | U117: 0 | V117: 0
F118: Pharmaceutical industry | G118: 0 | H118: 0 | I118: 0 | J118: 0 | K118: Pharmaceutical industry | L118: 0 | M118: 0 | N118: Extended Producer Responsibility | O118: 0 | P118: 0 | Q118: FLEGT - Forest Law Enforcement, Governance and Trade | R118: 0 | S118: 0 | T118: Development Permit Clearances | U118: 0 | V118: 0
F119: Petrol Stations | G119: 0 | H119: 0 | I119: 0 | J119: 0 | K119: Petrol Stations | L119: 0 | M119: 0 | N119: Consignment notes | O119: 0 | P119: 0 | Q119: EUTR/EUDR - EU Timber Regulations / EU Deforestation Regulation | R119: 0 | S119: 0 | T119: Nature Activity Reports | U119: 0 | V119: 0
F120: VOCs - Volatile Organic Compounds | G120: 0 | H120: 0 | I120: 0 | J120: 0 | K120: VOCs - Volatile Organic Compounds | L120: 0 | M120: 0 | N120: Disposal at Sea | O120: 0 | P120: 0 | Q120: SUPs - Movement and Importation | R120: 0 | S120: 0 | T120: CCTVs | U120: 0 | V120: 0
F121: MCPs - Medium Combustion Plants | G121: 0 | H121: 0 | I121: 0 | J121: 0 | K121: MCPs - Medium Combustion Plants | L121: 0 | M121: 0 | Q121: SUPs - Placing on the Market | R121: 0 | S121: 0 | T121: EP Consultations | U121: 0 | V121: 0
C122: ADDITIONAL INFORMATION This data will be collected by CED Operations: Fines Issued should only be limited to cases for reporting year Fines Paid should include all Fines Paid during reporting year (including Fines issued prior to that year but Paid during reporting year) | F122: Maintenance Industries | G122: 0 | H122: 0 | I122: 0 | J122: 0 | K122: Maintenance Industries | L122: 0 | M122: 0 | T122: Strategy / Policy Consultations | U122: 0 | V122: 0
F123: Quarry drone surveys | G123: 0 | H123: 0 | I123: 0 | J123: 0 | K123: Quarry drone surveys | L123: 0 | M123: 0 | T123: Smoking Control on Beaches | U123: 0 | V123: 0
F124: Waste Dumping | G124: 0 | H124: 0 | I124: 0 | J124: 0 | K124: Waste Dumping | L124: 0 | M124: 0 | T124: Not ERA Remit | U124: 0 | V124: 0
F125: Waste Incineration | G125: 0 | H125: 0 | I125: 0 | J125: 0 | K125: Waste Incineration | L125: 0 | M125: 0
F126: Farm operations | G126: 0 | H126: 0 | I126: 0 | J126: 0 | K126: Farm operations | L126: 0 | M126: 0
F127: Aquaculture | G127: 0 | H127: 0 | I127: 0 | J127: 0 | K127: Aquaculture | L127: 0 | M127: 0
F128: COMAH - Control of Major Accident Hazards | G128: 0 | H128: 0 | I128: 0 | J128: 0 | K128: COMAH - Control of Major Accident Hazards | L128: 0 | M128: 0
F129: LCPs, STPs, ROs, NFRP and Port Facilities | G129: 0 | H129: 0 | I129: 0 | J129: 0 | K129: LCPs, STPs, ROs, NFRP and Port Facilities | L129: 0 | M129: 0
...

Sheet Q1 Dashboard
C2: Cases
C3: Case Opened | D3: Case Closed
B4: (INPUT YEAR) | C4: ='Q1'!D4 -> 0 | D4: ='Q1'!E4 -> 0
C8: Total Number of Inspections
B9: (INPUT YEAR) | C9: ='Q1'!D155 -> 0
B13: Warning Letters Issued & Administrative Fines Issued
C14: Warning Letters | D14: Administrative Fines
B15: (INPUT YEAR) | C15: ='Q1'!D247 -> 0 | D15: ='Q1'!D113 -> 0
B18: Compliance Orders Issued
B19: (INPUT YEAR) | C19: ='Q1'!D40 -> 0
C22: Waste Litter
C23: Inspections | D23: Warning Letters Issued | E23: Fines Issued
B24: (INPUT YEAR) | C24: ='Q1'!U160 -> 0 | D24: ='Q1'!U252 -> 0 | E24: ='Q1'!U117 -> 0
C39: North Inspections | D39: South Inspections | E39: Market Surveillance Inspections | F39: Border Control Inspections | G39: Operations + Admin Inspections | H39: On-Call Inspections
B40: Waste Management Facilities | C40: ='Q1'!G158+'Q1'!H158 -> 0 | D40: ='Q1'!L158 -> 0 | E40: 0 | F40: 0 | G40: 0 | H40: ='Q1'!X160+'Q1'!Y160 -> 0
B41: Quarries and related Industries | C41: ='Q1'!G159+'Q1'!H159 -> 0 | D41: ='Q1'!L159 -> 0 | E41: 0 | F41: 0 | G41: 0 | H41: ='Q1'!X161+'Q1'!Y161 -> 0
B42: Manufacturing operations | C42: ='Q1'!G160+'Q1'!H160 -> 0 | D42: ='Q1'!L160 -> 0 | E42: 0 | F42: 0 | G42: 0 | H42: ='Q1'!X162+'Q1'!Y162 -> 0
B43: Pharmaceutical industry | C43: ='Q1'!G161+'Q1'!H161 -> 0 | D43: ='Q1'!L161 -> 0 | E43: 0 | F43: 0 | G43: 0 | H43: ='Q1'!X163+'Q1'!Y163 -> 0
B44: Petrol Stations | C44: ='Q1'!G162+'Q1'!H162 -> 0 | D44: ='Q1'!L162 -> 0 | E44: 0 | F44: 0 | G44: 0 | H44: ='Q1'!X164+'Q1'!Y164 -> 0
B45: VOCs - Volatile Organic Compounds | C45: ='Q1'!G163+'Q1'!H163 -> 0 | D45: ='Q1'!L163 -> 0 | E45: 0 | F45: 0 | G45: 0 | H45: ='Q1'!X165+'Q1'!Y165 -> 0
B46: MCPs - Medium Combustion Plants | C46: ='Q1'!G164+'Q1'!H164 -> 0 | D46: ='Q1'!L164 -> 0 | E46: 0 | F46: 0 | G46: 0 | H46: ='Q1'!X166+'Q1'!Y166 -> 0
B47: Maintenance Industries | C47: ='Q1'!G165+'Q1'!H165 -> 0 | D47: ='Q1'!L165 -> 0 | E47: 0 | F47: 0 | G47: 0 | H47: ='Q1'!X167+'Q1'!Y167 -> 0
B48: Quarry drone surveys | C48: ='Q1'!G166+'Q1'!H166 -> 0 | D48: ='Q1'!L166 -> 0 | E48: 0 | F48: 0 | G48: 0 | H48: ='Q1'!X168+'Q1'!Y168 -> 0
B49: Waste Dumping | C49: ='Q1'!G167+'Q1'!H167 -> 0 | D49: ='Q1'!L167 -> 0 | E49: 0 | F49: 0 | G49: 0 | H49: ='Q1'!X169+'Q1'!Y169 -> 0
B50: Waste Incineration | C50: ='Q1'!G168+'Q1'!H168 -> 0 | D50: ='Q1'!L168 -> 0 | E50: 0 | F50: 0 | G50: 0 | H50: ='Q1'!X170+'Q1'!Y170 -> 0
B51: Farm operations | C51: ='Q1'!G169+'Q1'!H169 -> 0 | D51: ='Q1'!L169 -> 0 | E51: 0 | F51: 0 | G51: 0 | H51: ='Q1'!X171+'Q1'!Y171 -> 0
... B69: Oil Spills / Major Incidents | C69: ='Q1'!G187+'Q1'!H187 -> 0 | D69: ='Q1'!L187 -> 0 | E69: 0 | F69: 0 | G69: 0 | H69: ='Q1'!X189+'Q1'!Y189 -> 0
B70: Local Waste Transfers – Waste Carriers | C70: 0 | D70: 0 | E70: ='Q1'!O158 -> 0 | F70: 0 | G70: 0 | H70: 0
B71: Shipments of waste | C71: 0 | D71: 0 | E71: ='Q1'!O159 -> 0 | F71: 0 | G71: 0 | H71: ='Q1'!X191+'Q1'!Y191 -> 0
B72: Recycling points | C72: 0 | D72: 0 | E72: ='Q1'!O160 -> 0 | F72: 0 | G72: 0 | H72: ='Q1'!X192+'Q1'!Y192 -> 0
B73: Extended Producer Responsibility | C73: 0 | D73: 0 | E73: ='Q1'!O161 -> 0 | F73: 0 | G73: 0 | H73: ='Q1'!X193+'Q1'!Y193 -> 0
B74: Consignment notes | C74: 0 | D74: 0 | E74: ='Q1'!O162 -> 0 | F74: 0 | G74: 0 | H74: ='Q1'!X194+'Q1'!Y194 -> 0
B75: Disposal at Sea | C75: 0 | D75: 0 | E75: ='Q1'!O163 -> 0 | F75: 0 | G75: 0 | H75: ='Q1'!X195+'Q1'!Y195 -> 0
B76: Wildlife trade / Species Protection & Control border movements | C76: 0 | D76: 0 | E76: 0 | F76: ='Q1'!R158 -> 0 | G76: 0 | H76: ='Q1'!X196+'Q1'!Y196 -> 0
B77: Wildlife Trade / Species Protection & Control excluding border movements | C77: 0 | D77: 0 | E77: 0 | F77: ='Q1'!R159 -> 0 | G77: 0 | H77: ='Q1'!X197+'Q1'!Y197 -> 0
B78: GMOs - Genetically Modified Organisms | C78: 0 | D78: 0 | E78: 0 | F78: ='Q1'!R160 -> 0 | G78: 0 | H78: ='Q1'!X198+'Q1'!Y198 -> 0
B79: FLEGT - Forest Law Enforcement, Governance and Trade | C79: 0 | D79: 0 | E79: 0 | F79: ='Q1'!R161 -> 0 | G79: 0 | H79: ='Q1'!X199+'Q1'!Y199 -> 0
B80: EUTR/EUDR - EU Timber Regulations / EU Deforestation Regulation | C80: 0 | D80: 0 | E80: 0 | F80: ='Q1'!R162 -> 0 | G80: 0 | H80: ='Q1'!X200+'Q1'!Y200 -> 0
B81: SUPs - Movement and Importation | C81: 0 | D81: 0 | E81: 0 | F81: ='Q1'!R163 -> 0 | G81: 0 | H81: ='Q1'!X201+'Q1'!Y201 -> 0
B82: SUPs - Placing on the Market | C82: 0 | D82: 0 | E82: 0 | F82: ='Q1'!R164 -> 0 | G82: 0 | H82: ='Q1'!X202+'Q1'!Y202 -> 0
B83: Development / Development permit related | C83: 0 | D83: 0 | E83: 0 | F83: 0 | G83: ='Q1'!U158 -> 0 | H83: ='Q1'!X203+'Q1'!Y203 -> 0
B84: AERs - Q1 Environment Reports | C84: 0 | D84: 0 | E84: 0 | F84: 0 | G84: ='Q1'!U159 -> 0 | H84: ='Q1'!X204+'Q1'!Y204 -> 0
B85: Litter | C85: 0 | D85: 0 | E85: 0 | F85: 0 | G85: ='Q1'!U160 -> 0 | H85: ='Q1'!X205+'Q1'!Y205 -> 0
B86: Development Permit Clearances | C86: 0 | D86: 0 | E86: 0 | F86: 0 | G86: ='Q1'!U161 -> 0 | H86: ='Q1'!X206+'Q1'!Y206 -> 0
B87: Nature Activity Reports | C87: 0 | D87: 0 | E87: 0 | F87: 0 | G87: ='Q1'!U162 -> 0 | H87: ='Q1'!X207+'Q1'!Y207 -> 0
B88: CCTVs | C88: 0 | D88: 0 | E88: 0 | F88: 0 | G88: ='Q1'!U163 -> 0 | H88: ='Q1'!X208+'Q1'!Y208 -> 0
B89: EP Consultations | C89: 0 | D89: 0 | E89: 0 | F89: 0 | G89: ='Q1'!U164 -> 0 | H89: ='Q1'!X209+'Q1'!Y209 -> 0
B90: Strategy / Policy Consultations | C90: 0 | D90: 0 | E90: 0 | F90: 0 | G90: ='Q1'!U165 -> 0 | H90: ='Q1'!X210+'Q1'!Y210 -> 0
B91: Smoking Control on Beaches | C91: 0 | D91: 0 | E91: 0 | F91: 0 | G91: ='Q1'!U166 -> 0 | H91: ='Q1'!X211+'Q1'!Y211 -> 0
B92: Not ERA Remit | C92: 0 | D92: 0 | E92: 0 | F92: 0 | G92: ='Q1'!U167 -> 0 | H92: ='Q1'!X212+'Q1'!Y212 -> 0
B135: Sector | C135: Sub Sector | D135: Fines Issued | E135: Fines Closed
B136: North Region + South Region | C136: Waste Management Facilities | D136: ='Q1'!G115+'Q1'!H115+'Q1'!L115 -> 0 | E136: ='Q1'!I115+'Q1'!J115+'Q1'!M115 -> 0
C137: Quarries and related Industries | D137: ='Q1'!G116+'Q1'!H116+'Q1'!L116 -> 0 | E137: ='Q1'!I116+'Q1'!J116+'Q1'!M116 -> 0
C138: Manufacturing operations | D138: ='Q1'!G117+'Q1'!H117+'Q1'!L117 -> 0 | E138: ='Q1'!I117+'Q1'!J117+'Q1'!M117 -> 0
C139: Pharmaceutical industry | D139: ='Q1'!G118+'Q1'!H118+'Q1'!L118 -> 0 | E139: ='Q1'!I118+'Q1'!J118+'Q1'!M118 -> 0
C140: Petrol Stations | D140: ='Q1'!G119+'Q1'!H119+'Q1'!L119 -> 0 | E140: ='Q1'!I119+'Q1'!J119+'Q1'!M119 -> 0
C141: VOCs - Volatile Organic Compounds | D141: ='Q1'!G120+'Q1'!H120+'Q1'!L120 -> 0 | E141: ='Q1'!I120+'Q1'!J120+'Q1'!M120 -> 0
C142: MCPs - Medium Combustion Plants | D142: ='Q1'!G121+'Q1'!H121+'Q1'!L121 -> 0 | E142: ='Q1'!I121+'Q1'!J121+'Q1'!M121 -> 0
C143: Maintenance Industries | D143: ='Q1'!G122+'Q1'!H122+'Q1'!L122 -> 0 | E143: ='Q1'!I122+'Q1'!J122+'Q1'!M122 -> 0
C144: Quarry drone surveys | D144: ='Q1'!G123+'Q1'!H123+'Q1'!L123 -> 0 | E144: ='Q1'!I123+'Q1'!J123+'Q1'!M123 -> 0
C145: Waste Dumping | D145: ='Q1'!G124+'Q1'!H124+'Q1'!L124 -> 0 | E145: ='Q1'!I124+'Q1'!J124+'Q1'!M124 -> 0
C146: Waste Incineration | D146: ='Q1'!G125+'Q1'!H125+'Q1'!L125 -> 0 | E146: ='Q1'!I125+'Q1'!J125+'Q1'!M125 -> 0
C147: Farm operations | D147: ='Q1'!G126+'Q1'!H126+'Q1'!L126 -> 0 | E147: ='Q1'!I126+'Q1'!J126+'Q1'!M126 -> 0
C148: Aquaculture | D148: ='Q1'!G127+'Q1'!H127+'Q1'!L127 -> 0 | E148: ='Q1'!I127+'Q1'!J127+'Q1'!M127 -> 0
... C165: Oil Spills / Major Incidents | D165: ='Q1'!G144+'Q1'!H144+'Q1'!L144 -> 0 | E165: ='Q1'!I144+'Q1'!J144+'Q1'!M144 -> 0
B166: Market Surveillance | C166: Local Waste Transfers – Waste Carriers | D166: ='Q1'!L115 -> 0 | E166: ='Q1'!M115 -> 0
C167: Shipments of waste | D167: ='Q1'!L116 -> 0 | E167: ='Q1'!M116 -> 0
C168: Recycling points | D168: ='Q1'!L117 -> 0 | E168: ='Q1'!M117 -> 0
C169: Extended Producer Responsibility | D169: ='Q1'!L118 -> 0 | E169: ='Q1'!M118 -> 0
C170: Consignment notes | D170: ='Q1'!L119 -> 0 | E170: ='Q1'!M119 -> 0
C171: Disposal at Sea | D171: ='Q1'!L120 -> 0 | E171: ='Q1'!M120 -> 0
B172: Border Control | C172: Wildlife trade / Species Protection & Control border movements | D172: ='Q1'!O115 -> 0 | E172: ='Q1'!P115 -> 0
C173: Wildlife Trade / Species Protection & Control excluding border movements | D173: ='Q1'!O116 -> 0 | E173: ='Q1'!P116 -> 0
C174: GMOs - Genetically Modified Organisms | D174: ='Q1'!O117 -> 0 | E174: ='Q1'!P117 -> 0
C175: FLEGT - Forest Law Enforcement, Governance and Trade | D175: ='Q1'!O118 -> 0 | E175: ='Q1'!P118 -> 0
C176: EUTR/EUDR - EU Timber Regulations / EU Deforestation Regulation | D176: ='Q1'!O119 -> 0 | E176: ='Q1'!P119 -> 0
C177: SUPs - Movement and Importation | D177: ='Q1'!O120 -> 0 | E177: ='Q1'!P120 -> 0
C178: SUPs - Placing on the Market | D178: ='Q1'!O121 -> 0 | E178: ='Q1'!P121 -> 0
B179: Operations + Admin | C179: Development / Development permit related | D179: ='Q1'!U115 -> 0 | E179: ='Q1'!S115 -> 0
C180: AERs - Q1 Environment Reports | D180: ='Q1'!U116 -> 0 | E180: ='Q1'!S116 -> 0
C181: Litter | D181: ='Q1'!U117 -> 0 | E181: ='Q1'!S117 -> 0
C182: Development Permit Clearances | D182: ='Q1'!U118 -> 0 | E182: ='Q1'!S118 -> 0
C183: Nature Activity Reports | D183: ='Q1'!U119 -> 0 | E183: ='Q1'!S119 -> 0
C184: CCTVs | D184: ='Q1'!U120 -> 0 | E184: ='Q1'!S120 -> 0
C185: EP Consultations | D185: ='Q1'!U121 -> 0 | E185: ='Q1'!S121 -> 0
C186: Strategy / Policy Consultations | D186: ='Q1'!U122 -> 0 | E186: ='Q1'!S122 -> 0
C187: Smoking Control on Beaches | D187: ='Q1'!U123 -> 0 | E187: ='Q1'!S123 -> 0
C188: Not ERA Remit | D188: ='Q1'!U124 -> 0 | E188: ='Q1'!S124 -> 0
C191: Total | D191: Ammount of fines Issued | E191: Ammount of Fines Closed
D192: ='Q1'!D113 -> 0 | E192: ='Q1'!E113 -> 0
B194: Cross-Sectoral Consultations
B195: Various Consultations | C195: ='Q1'!U222 -> 0
B196: AER | C196: ='Q1'!U223 -> 0
B197: Waste Brokers | C197: ='Q1'!U224 -> 0
B198: Audit Reports | C198: ='Q1'!U225 -> 0
B199: Nature Reporting | C199: ='Q1'!U226 -> 0
B200: PA Consultations | C200: ='Q1'!U227 -> 0
B201: Waste Broker Consultations | C201: ='Q1'!U228 -> 0
B202: EP Consultations | C202: ='Q1'!U229 -> 0
C222: North Inspections | D222: South Inspections
...

Sheet April
B2: 1 | C2: Statistics Item | D2: Total | F2: North Region | K2: South Region | N2: Market Surveillance | Q2: Border Control | T2: Operations + Admin
C3: Total Cases and/or Complaints (Internal & External) received and closed | D3: Opened | E3: Closed | G3: Opened - Malta | H3: Opened - Gozo | I3: Closed - Malta | J3: Closed - Gozo | L3: Opened | M3: Closed | O3: Opened | P3: Closed | R3: Opened | S3: Closed | U3: Opened | V3: Closed
D4: =SUM(G4,H4,L4,O4,R4,U4) -> 0 | E4: =SUM(I4,J4,M4,P4,S4,V4) -> 0 | G4: =SUM(G5:G34) -> 0 | H4: =SUM(H5:H34) -> 0 | I4: =SUM(I5:I34) -> 0 | J4: =SUM(J5:J34) -> 0 | L4: =SUM(L5:L34) -> 0 | M4: =SUM(M5:M34) -> 0 | O4: =SUM(O5:O10) -> 0 | P4: =SUM(P5:P10) -> 0 | R4: =SUM(R5:R11) -> 0 | S4: =SUM(S5:S11) -> 0 | U4: =SUM(U5:U13) -> 0 | V4: =SUM(V5:V13) -> 0
F5: Waste Management Facilities | G5: 0 | H5: 0 | I5: 0 | J5: 0 | K5: Waste Management Facilities | L5: 0 | M5: 0 | N5: Local Waste Transfers – Waste Carriers | O5: 0 | P5: 0 | Q5: Wildlife trade / Species Protection & Control border movements | R5: 0 | S5: 0 | T5: Development / Development permit related | U5: 0 | V5: 0
F6: Quarries and related Industries | G6: 0 | H6: 0 | I6: 0 | J6: 0 | K6: Quarries and related Industries | L6: 0 | M6: 0 | N6: Shipments of waste | O6: 0 | P6: 0 | Q6: Wildlife Trade / Species Protection & Control excluding border movements | R6: 0 | S6: 0 | T6: AERs - Annual Environment Reports | U6: 0 | V6: 0
F7: Manufacturing operations | G7: 0 | H7: 0 | I7: 0 | J7: 0 | K7: Manufacturing operations | L7: 0 | M7: 0 | N7: Recycling points | O7: 0 | P7: 0 | Q7: GMOs - Genetically Modified Organisms | R7: 0 | S7: 0 | T7: Litter | U7: 0 | V7: 0
F8: Pharmaceutical industry | G8: 0 | H8: 0 | I8: 0 | J8: 0 | K8: Pharmaceutical industry | L8: 0 | M8: 0 | N8: Extended Producer Responsibility | O8: 0 | P8: 0 | Q8: FLEGT - Forest Law Enforcement, Governance and Trade | R8: 0 | S8: 0 | T8: Development Permit Clearances | U8: 0 | V8: 0
F9: Petrol Stations | G9: 0 | H9: 0 | I9: 0 | J9: 0 | K9: Petrol Stations | L9: 0 | M9: 0 | N9: Consignment notes | O9: 0 | P9: 0 | Q9: EUTR/EUDR - EU Timber Regulations / EU Deforestation Regulation | R9: 0 | S9: 0 | T9: Nature Activity Reports | U9: 0 | V9: 0
F10: VOCs - Volatile Organic Compounds | G10: 0 | H10: 0 | I10: 0 | J10: 0 | K10: VOCs - Volatile Organic Compounds | L10: 0 | M10: 0 | N10: Disposal at Sea | O10: 0 | P10: 0 | Q10: SUPs - Movement and Importation | R10: 0 | S10: 0 | T10: CCTVs | U10: 0 | V10: 0
F11: MCPs - Medium Combustion Plants | G11: 0 | H11: 0 | I11: 0 | J11: 0 | K11: MCPs - Medium Combustion Plants | L11: 0 | M11: 0 | Q11: SUPs - Placing on the Market | R11: 0 | S11: 0 | T11: EP Consultations | U11: 0 | V11: 0
C12: ADDITIONAL INFORMATION This data will be collected by CED Operations/Admin: - Cases Opened during reporting year - Cases Closed only during reporting year (including cases opened in years prior to the reporting year) | F12: Maintenance Industries | G12: 0 | H12: 0 | I12: 0 | J12: 0 | K12: Maintenance Industries | L12: 0 | M12: 0 | T12: Strategy / Policy Consultations | U12: 0 | V12: 0
F13: Quarry drone surveys | G13: 0 | H13: 0 | I13: 0 | J13: 0 | K13: Quarry drone surveys | L13: 0 | M13: 0 | T13: Smoking Control on Beaches | U13: 0 | V13: 0
F14: Waste Dumping | G14: 0 | H14: 0 | I14: 0 | J14: 0 | K14: Waste Dumping | L14: 0 | M14: 0 | T14: Not ERA Remit | U14: 0 | V14: 0
F15: Waste Incineration | G15: 0 | H15: 0 | I15: 0 | J15: 0 | K15: Waste Incineration | L15: 0 | M15: 0
F16: Farm operations | G16: 0 | H16: 0 | I16: 0 | J16: 0 | K16: Farm operations | L16: 0 | M16: 0
F17: Aquaculture | G17: 0 | H17: 0 | I17: 0 | J17: 0 | K17: Aquaculture | L17: 0 | M17: 0
F18: COMAH - Control of Major Accident Hazards | G18: 0 | H18: 0 | I18: 0 | J18: 0 | K18: COMAH - Control of Major Accident Hazards | L18: 0 | M18: 0
F19: LCPs, STPs, ROs, NFRP and Port Facilities | G19: 0 | H19: 0 | I19: 0 | J19: 0 | K19: LCPs, STPs, ROs, NFRP and Port Facilities | L19: 0 | M19: 0
F20: Fuel Terminals | G20: 0 | H20: 0 | I20: 0 | J20: 0 | K20: Fuel Terminals | L20: 0 | M20: 0
F21: Construction / Demolition -related marine pollution | G21: 0 | H21: 0 | I21: 0 | J21: 0 | K21: Construction / Demolition -related marine pollution | L21: 0 | M21: 0
F22: Hotels and hospitality | G22: 0 | H22: 0 | I22: 0 | J22: 0 | K22: Hotels and hospitality | L22: 0 | M22: 0
F23: Groundwater (Boreholes) | G23: 0 | H23: 0 | I23: 0 | J23: 0 | K23: Groundwater (Boreholes) | L23: 0 | M23: 0
F24: Sewage in sea | G24: 0 | H24: 0 | I24: 0 | J24: 0 | K24: Sewage in sea | L24: 0 | M24: 0
F25: Exceedances in emissions/discharges | G25: 0 | H25: 0 | I25: 0 | J25: 0 | K25: Exceedances in emissions/discharges | L25: 0 | M25: 0
F26: Tree Protection | G26: 0 | H26: 0 | I26: 0 | J26: 0 | K26: Tree Protection | L26: 0 | M26: 0
... F34: Oil Spills / Major Incidents | G34: 0 | H34: 0 | I34: 0 | J34: 0 | K34: Oil Spills / Major Incidents | L34: 0 | M34: 0
B38: 2 | C38: Statistics Item | D38: Total | F38: North Region | K38: South Region | N38: Market Surveillance | Q38: Border Control | T38: Operations + Admin
C39: Total Orders Issued and Closed | D39: Issued | E39: Closed | G39: Issued - Malta | H39: Issued - Gozo | I39: Closed - Malta | J39: Closed - Gozo | L39: Issued | M39: Closed | O39: Issued | P39: Closed | R39: Issued | S39: Closed | U39: Issued | V39: Closed
D40: =SUM(G40,H40,L40,O40,R40,U40) -> 0 | E40: =SUM(I40,J40,M40,P40,S40,V40) -> 0 | G40: =SUM(G41:G70) -> 0 | H40: =SUM(H41:H70) -> 0 | I40: =SUM(I41:I70) -> 0 | J40: =SUM(J41:J70) -> 0 | L40: =SUM(L41:L70) -> 0 | M40: =SUM(M41:M70) -> 0 | O40: =SUM(O41:O46) -> 0 | P40: =SUM(P41:P46) -> 0 | R40: =SUM(R41:R47) -> 0 | S40: =SUM(S41:S47) -> 0 | U40: =SUM(U41:U49) -> 0 | V40: =SUM(V41:V49) -> 0
F41: Waste Management Facilities | G41: 0 | H41: 0 | I41: 0 | J41: 0 | K41: Waste Management Facilities | L41: 0 | M41: 0 | N41: Local Waste Transfers – Waste Carriers | O41: 0 | P41: 0 | Q41: Wildlife trade / Species Protection & Control border movements | R41: 0 | S41: 0 | T41: Development / Development permit related | U41: 0 | V41: 0
F42: Quarries and related Industries | G42: 0 | H42: 0 | I42: 0 | J42: 0 | K42: Quarries and related Industries | L42: 0 | M42: 0 | N42: Shipments of waste | O42: 0 | P42: 0 | Q42: Wildlife Trade / Species Protection & Control excluding border movements | R42: 0 | S42: 0 | T42: AERs - Annual Environment Reports | U42: 0 | V42: 0
F43: Manufacturing operations | G43: 0 | H43: 0 | I43: 0 | J43: 0 | K43: Manufacturing operations | L43: 0 | M43: 0 | N43: Recycling points | O43: 0 | P43: 0 | Q43: GMOs - Genetically Modified Organisms | R43: 0 | S43: 0 | T43: Litter | U43: 0 | V43: 0
F44: Pharmaceutical industry | G44: 0 | H44: 0 | I44: 0 | J44: 0 | K44: Pharmaceutical industry | L44: 0 | M44: 0 | N44: Extended Producer Responsibility | O44: 0 | P44: 0 | Q44: FLEGT - Forest Law Enforcement, Governance and Trade | R44: 0 | S44: 0 | T44: Development Permit Clearances | U44: 0 | V44: 0
F45: Petrol Stations | G45: 0 | H45: 0 | I45: 0 | J45: 0 | K45: Petrol Stations | L45: 0 | M45: 0 | N45: Consignment notes | O45: 0 | P45: 0 | Q45: EUTR/EUDR - EU Timber Regulations / EU Deforestation Regulation | R45: 0 | S45: 0 | T45: Nature Activity Reports | U45: 0 | V45: 0
F46: VOCs - Volatile Organic Compounds | G46: 0 | H46: 0 | I46: 0 | J46: 0 | K46: VOCs - Volatile Organic Compounds | L46: 0 | M46: 0 | N46: Disposal at Sea | O46: 0 | P46: 0 | Q46: SUPs - Movement and Importation | R46: 0 | S46: 0 | T46: CCTVs | U46: 0 | V46: 0
F47: MCPs - Medium Combustion Plants | G47: 0 | H47: 0 | I47: 0 | J47: 0 | K47: MCPs - Medium Combustion Plants | L47: 0 | M47: 0 | Q47: SUPs - Placing on the Market | R47: 0 | S47: 0 | T47: EP Consultations | U47: 0 | V47: 0
F48: Maintenance Industries | G48: 0 | H48: 0 | I48: 0 | J48: 0 | K48: Maintenance Industries | L48: 0 | M48: 0 | T48: Strategy / Policy Consultations | U48: 0 | V48: 0
F49: Quarry drone surveys | G49: 0 | H49: 0 | I49: 0 | J49: 0 | K49: Quarry drone surveys | L49: 0 | M49: 0 | T49: Smoking Control on Beaches | U49: 0 | V49: 0
F50: Waste Dumping | G50: 0 | H50: 0 | I50: 0 | J50: 0 | K50: Waste Dumping | L50: 0 | M50: 0 | T50: Not ERA Remit | U50: 0 | V50: 0
C51: ADDITIONAL INFORMATION Issued ORDERS should only be limited to reporting year. Closed ORDERS should include all ORDERS closed in reporting year. | F51: Waste Incineration | G51: 0 | H51: 0 | I51: 0 | J51: 0 | K51: Waste Incineration | L51: 0 | M51: 0
F52: Farm operations | G52: 0 | H52: 0 | I52: 0 | J52: 0 | K52: Farm operations | L52: 0 | M52: 0
F53: Aquaculture | G53: 0 | H53: 0 | I53: 0 | J53: 0 | K53: Aquaculture | L53: 0 | M53: 0
F54: COMAH - Control of Major Accident Hazards | G54: 0 | H54: 0 | I54: 0 | J54: 0 | K54: COMAH - Control of Major Accident Hazards | L54: 0 | M54: 0
F55: LCPs, STPs, ROs, NFRP and Port Facilities | G55: 0 | H55: 0 | I55: 0 | J55: 0 | K55: LCPs, STPs, ROs, NFRP and Port Facilities | L55: 0 | M55: 0
F56: Fuel Terminals | G56: 0 | H56: 0 | I56: 0 | J56: 0 | K56: Fuel Terminals | L56: 0 | M56: 0
F57: Construction / Demolition -related marine pollution | G57: 0 | H57: 0 | I57: 0 | J57: 0 | K57: Construction / Demolition -related marine pollution | L57: 0 | M57: 0
F58: Hotels and hospitality | G58: 0 | H58: 0 | I58: 0 | J58: 0 | K58: Hotels and hospitality | L58: 0 | M58: 0
F59: Groundwater (Boreholes) | G59: 0 | H59: 0 | I59: 0 | J59: 0 | K59: Groundwater (Boreholes) | L59: 0 | M59: 0
F60: Sewage in sea | G60: 0 | H60: 0 | I60: 0 | J60: 0 | K60: Sewage in sea | L60: 0 | M60: 0
F61: Exceedances in emissions/discharges | G61: 0 | H61: 0 | I61: 0 | J61: 0 | K61: Exceedances in emissions/discharges | L61: 0 | M61: 0
F62: Tree Protection | G62: 0 | H62: 0 | I62: 0 | J62: 0 | K62: Tree Protection | L62: 0 | M62: 0
F63: Species Protection | G63: 0 | H63: 0 | I63: 0 | J63: 0 | K63: Species Protection | L63: 0 | M63: 0
... F70: Oil Spills / Major Incidents | G70: 0 | H70: 0 | I70: 0 | J70: 0 | K70: Oil Spills / Major Incidents | L70: 0 | M70: 0
B74: 3 | C74: Statistics Item | D74: Total | F74: North Region | K74: South Region | N74: Market Surveillance | Q74: Border Control | T74: Operations + Admin
C75: Total Number & Description of Direct Actions / Clean-Ups | D75: =SUM(G77,I77,L77,O77,R77,U77) -> 0 | G75: Total | L75: Total | O75: Total | R75: Total | U75: Total
G76: Malta | I76: Gozo
G77: =SUM(G78:H109) -> 0 | I77: =SUM(I78:J109) -> 0 | L77: =SUM(L78:M109) -> 0 | O77: =SUM(O78:P84) -> 0 | R77: =SUM(R78:S85) -> 0 | U77: =SUM(U78:V85) -> 0
F78: Waste Management Facilities | G78: 0 | H78: 0 | I78: 0 | J78: 0 | K78: Waste Management Facilities | L78: 0 | M78: 0 | N78: Local Waste Transfers – Waste Carriers | O78: 0 | P78: 0 | Q78: Wildlife trade / Species Protection & Control border movements | R78: 0 | S78: 0 | T78: Development / Development permit related | U78: 0 | V78: 0
F79: Quarries and related Industries | G79: 0 | H79: 0 | I79: 0 | J79: 0 | K79: Quarries and related Industries | L79: 0 | M79: 0 | N79: Shipments of waste | O79: 0 | P79: 0 | Q79: Wildlife Trade / Species Protection & Control excluding border movements | R79: 0 | S79: 0 | T79: AERs - Annual Environment Reports | U79: 0 | V79: 0
F80: Manufacturing operations | G80: 0 | H80: 0 | I80: 0 | J80: 0 | K80: Manufacturing operations | L80: 0 | M80: 0 | N80: Recycling points | O80: 0 | P80: 0 | Q80: GMOs - Genetically Modified Organisms | R80: 0 | S80: 0 | T80: Litter | U80: 0 | V80: 0
F81: Pharmaceutical industry | G81: 0 | H81: 0 | I81: 0 | J81: 0 | K81: Pharmaceutical industry | L81: 0 | M81: 0 | N81: Extended Producer Responsibility | O81: 0 | P81: 0 | Q81: FLEGT - Forest Law Enforcement, Governance and Trade | R81: 0 | S81: 0 | T81: Development Permit Clearances | U81: 0 | V81: 0
F82: Petrol Stations | G82: 0 | H82: 0 | I82: 0 | J82: 0 | K82: Petrol Stations | L82: 0 | M82: 0 | N82: Consignment notes | O82: 0 | P82: 0 | Q82: EUTR/EUDR - EU Timber Regulations / EU Deforestation Regulation | R82: 0 | S82: 0 | T82: Nature Activity Reports | U82: 0 | V82: 0
F83: VOCs - Volatile Organic Compounds | G83: 0 | H83: 0 | I83: 0 | J83: 0 | K83: VOCs - Volatile Organic Compounds | L83: 0 | M83: 0 | N83: Disposal at Sea | O83: 0 | P83: 0 | Q83: SUPs - Movement and Importation | R83: 0 | S83: 0 | T83: CCTVs | U83: 0 | V83: 0
F84: MCPs - Medium Combustion Plants | G84: 0 | H84: 0 | I84: 0 | J84: 0 | K84: MCPs - Medium Combustion Plants | L84: 0 | M84: 0 | Q84: SUPs - Placing on the Market | R84: 0 | S84: 0 | T84: EP Consultations | U84: 0 | V84: 0
F85: Maintenance Industries | G85: 0 | H85: 0 | I85: 0 | J85: 0 | K85: Maintenance Industries | L85: 0 | M85: 0 | T85: Strategy / Policy Consultations | U85: 0 | V85: 0
F86: Quarry drone surveys | G86: 0 | H86: 0 | I86: 0 | J86: 0 | K86: Quarry drone surveys | L86: 0 | M86: 0 | T86: Smoking Control on Beaches | U86: 0 | V86: 0
F87: Waste Dumping | G87: 0 | H87: 0 | I87: 0 | J87: 0 | K87: Waste Dumping | L87: 0 | M87: 0 | T87: Not ERA Remit | U87: 0 | V87: 0
C88: ADDITIONAL INFORMATION Teams are urged to suggest additional Actions if needed to prevent instances of 0 data when no actions take place. | F88: Waste Incineration | G88: 0 | H88: 0 | I88: 0 | J88: 0 | K88: Waste Incineration | L88: 0 | M88: 0
F89: Farm operations | G89: 0 | H89: 0 | I89: 0 | J89: 0 | K89: Farm operations | L89: 0 | M89: 0
F90: Aquaculture | G90: 0 | H90: 0 | I90: 0 | J90: 0 | K90: Aquaculture | L90: 0 | M90: 0
F91: COMAH - Control of Major Accident Hazards | G91: 0 | H91: 0 | I91: 0 | J91: 0 | K91: COMAH - Control of Major Accident Hazards | L91: 0 | M91: 0
F92: LCPs, STPs, ROs, NFRP and Port Facilities | G92: 0 | H92: 0 | I92: 0 | J92: 0 | K92: LCPs, STPs, ROs, NFRP and Port Facilities | L92: 0 | M92: 0
F93: Fuel Terminals | G93: 0 | H93: 0 | I93: 0 | J93: 0 | K93: Fuel Terminals | L93: 0 | M93: 0
F94: Construction / Demolition -related marine pollution | G94: 0 | H94: 0 | I94: 0 | J94: 0 | K94: Construction / Demolition -related marine pollution | L94: 0 | M94: 0
F95: Hotels and hospitality | G95: 0 | H95: 0 | I95: 0 | J95: 0 | K95: Hotels and hospitality | L95: 0 | M95: 0
F96: Groundwater (Boreholes) | G96: 0 | H96: 0 | I96: 0 | J96: 0 | K96: Groundwater (Boreholes) | L96: 0 | M96: 0
F97: Sewage in sea | G97: 0 | H97: 0 | I97: 0 | J97: 0 | K97: Sewage in sea | L97: 0 | M97: 0
F98: Exceedances in emissions/discharges | G98: 0 | H98: 0 | I98: 0 | J98: 0 | K98: Exceedances in emissions/discharges | L98: 0 | M98: 0
F99: Tree Protection | G99: 0 | H99: 0 | I99: 0 | J99: 0 | K99: Tree Protection | L99: 0 | M99: 0
F100: Species Protection | G100: 0 | H100: 0 | I100: 0 | J100: 0 | K100: Species Protection | L100: 0 | M100: 0
... F107: Oil Spills / Major Incidents | G107: 0 | H107: 0 | I107: 0 | J107: 0 | K107: Oil Spills / Major Incidents | L107: 0 | M107: 0
B111: 4 | C111: Statistics Item | D111: Total | F111: North Region | K111: South Region | N111: Market Surveillance | Q111: Border Control | T111: Operations + Admin
C112: Total Administrative Fines Issued and Settled (by payment and/or remediation) | D112: Issued | E112: Closed (paid & remediated) *remediated when required | G112: Issued | I112: Closed (paid & remediated) *remediated when required | L112: Issued | M112: Closed (paid & remediated) *remediated when required | O112: Issued | P112: Closed (paid & remediated) *remediated when required | R112: Issued | S112: Closed (paid & remediated) *remediated when required | U112: Issued | V112: Closed (paid & remediated) *remediated when required
D113: =SUM(G113,H113,L113,O113,R113,U113) -> 0 | E113: =SUM(I113,J113,M113,P113,S113,V113) -> 0 | G113: =SUM(G115:G146) -> 0 | H113: =SUM(H115:H146) -> 0 | I113: =SUM(I115:I146) -> 0 | J113: =SUM(J115:J146) -> 0 | L113: =SUM(L115:L146) -> 0 | M113: =SUM(M115:M146) -> 0 | O113: =SUM(O115:O121) -> 0 | P113: =SUM(P115:P121) -> 0 | R113: =SUM(R115:R122) -> 0 | S113: =SUM(S115:S122) -> 0 | U113: =SUM(U115:U123) -> 0 | V113: =SUM(V115:V123) -> 0
G114: Malta | H114: Gozo | I114: Malta | J114: Gozo
F115: Waste Management Facilities | G115: 0 | H115: 0 | I115: 0 | J115: 0 | K115: Waste Management Facilities | L115: 0 | M115: 0 | N115: Local Waste Transfers – Waste Carriers | O115: 0 | P115: 0 | Q115: Wildlife trade / Species Protection & Control border movements | R115: 0 | S115: 0 | T115: Development / Development permit related | U115: 0 | V115: 0
F116: Quarries and related Industries | G116: 0 | H116: 0 | I116: 0 | J116: 0 | K116: Quarries and related Industries | L116: 0 | M116: 0 | N116: Shipments of waste | O116: 0 | P116: 0 | Q116: Wildlife Trade / Species Protection & Control excluding border movements | R116: 0 | S116: 0 | T116: AERs - Annual Environment Reports | U116: 0 | V116: 0
F117: Manufacturing operations | G117: 0 | H117: 0 | I117: 0 | J117: 0 | K117: Manufacturing operations | L117: 0 | M117: 0 | N117: Recycling points | O117: 0 | P117: 0 | Q117: GMOs - Genetically Modified Organisms | R117: 0 | S117: 0 | T117: Litter | U117: 0 | V117: 0
F118: Pharmaceutical industry | G118: 0 | H118: 0 | I118: 0 | J118: 0 | K118: Pharmaceutical industry | L118: 0 | M118: 0 | N118: Extended Producer Responsibility | O118: 0 | P118: 0 | Q118: FLEGT - Forest Law Enforcement, Governance and Trade | R118: 0 | S118: 0 | T118: Development Permit Clearances | U118: 0 | V118: 0
F119: Petrol Stations | G119: 0 | H119: 0 | I119: 0 | J119: 0 | K119: Petrol Stations | L119: 0 | M119: 0 | N119: Consignment notes | O119: 0 | P119: 0 | Q119: EUTR/EUDR - EU Timber Regulations / EU Deforestation Regulation | R119: 0 | S119: 0 | T119: Nature Activity Reports | U119: 0 | V119: 0
F120: VOCs - Volatile Organic Compounds | G120: 0 | H120: 0 | I120: 0 | J120: 0 | K120: VOCs - Volatile Organic Compounds | L120: 0 | M120: 0 | N120: Disposal at Sea | O120: 0 | P120: 0 | Q120: SUPs - Movement and Importation | R120: 0 | S120: 0 | T120: CCTVs | U120: 0 | V120: 0
F121: MCPs - Medium Combustion Plants | G121: 0 | H121: 0 | I121: 0 | J121: 0 | K121: MCPs - Medium Combustion Plants | L121: 0 | M121: 0 | Q121: SUPs - Placing on the Market | R121: 0 | S121: 0 | T121: EP Consultations | U121: 0 | V121: 0
C122: ADDITIONAL INFORMATION This data will be collected by CED Operations: Fines Issued should only be limited to cases for reporting year Fines Paid should include all Fines Paid during reporting year (including Fines issued prior to that year but Paid during reporting year) | F122: Maintenance Industries | G122: 0 | H122: 0 | I122: 0 | J122: 0 | K122: Maintenance Industries | L122: 0 | M122: 0 | T122: Strategy / Policy Consultations | U122: 0 | V122: 0
F123: Quarry drone surveys | G123: 0 | H123: 0 | I123: 0 | J123: 0 | K123: Quarry drone surveys | L123: 0 | M123: 0 | T123: Smoking Control on Beaches | U123: 0 | V123: 0
F124: Waste Dumping | G124: 0 | H124: 0 | I124: 0 | J124: 0 | K124: Waste Dumping | L124: 0 | M124: 0 | T124: Not ERA Remit | U124: 0 | V124: 0
F125: Waste Incineration | G125: 0 | H125: 0 | I125: 0 | J125: 0 | K125: Waste Incineration | L125: 0 | M125: 0
F126: Farm operations | G126: 0 | H126: 0 | I126: 0 | J126: 0 | K126: Farm operations | L126: 0 | M126: 0
F127: Aquaculture | G127: 0 | H127: 0 | I127: 0 | J127: 0 | K127: Aquaculture | L127: 0 | M127: 0
F128: COMAH - Control of Major Accident Hazards | G128: 0 | H128: 0 | I128: 0 | J128: 0 | K128: COMAH - Control of Major Accident Hazards | L128: 0 | M128: 0
F129: LCPs, STPs, ROs, NFRP and Port Facilities | G129: 0 | H129: 0 | I129: 0 | J129: 0 | K129: LCPs, STPs, ROs, NFRP and Port Facilities | L129: 0 | M129: 0
...

Sheet May
B2: 1 | C2: Statistics Item | D2: Total | F2: North Region | K2: South Region | N2: Market Surveillance | Q2: Border Control | T2: Operations + Admin
C3: Total Cases and/or Complaints (Internal & External) received and closed | D3: Opened | E3: Closed | G3: Opened - Malta | H3: Opened - Gozo | I3: Closed - Malta | J3: Closed - Gozo | L3: Opened | M3: Closed | O3: Opened | P3: Closed | R3: Opened | S3: Closed | U3: Opened | V3: Closed
D4: =SUM(G4,H4,L4,O4,R4,U4) -> 0 | E4: =SUM(I4,J4,M4,P4,S4,V4) -> 0 | G4: =SUM(G5:G34) -> 0 | H4: =SUM(H5:H34) -> 0 | I4: =SUM(I5:I34) -> 0 | J4: =SUM(J5:J34) -> 0 | L4: =SUM(L5:L34) -> 0 | M4: =SUM(M5:M34) -> 0 | O4: =SUM(O5:O10) -> 0 | P4: =SUM(P5:P10) -> 0 | R4: =SUM(R5:R11) -> 0 | S4: =SUM(S5:S11) -> 0 | U4: =SUM(U5:U13) -> 0 | V4: =SUM(V5:V13) -> 0
F5: Waste Management Facilities | G5: 0 | H5: 0 | I5: 0 | J5: 0 | K5: Waste Management Facilities | L5: 0 | M5: 0 | N5: Local Waste Transfers – Waste Carriers | O5: 0 | P5: 0 | Q5: Wildlife trade / Species Protection & Control border movements | R5: 0 | S5: 0 | T5: Development / Development permit related | U5: 0 | V5: 0
F6: Quarries and related Industries | G6: 0 | H6: 0 | I6: 0 | J6: 0 | K6: Quarries and related Industries | L6: 0 | M6: 0 | N6: Shipments of waste | O6: 0 | P6: 0 | Q6: Wildlife Trade / Species Protection & Control excluding border movements | R6: 0 | S6: 0 | T6: AERs - Annual Environment Reports | U6: 0 | V6: 0
F7: Manufacturing operations | G7: 0 | H7: 0 | I7: 0 | J7: 0 | K7: Manufacturing operations | L7: 0 | M7: 0 | N7: Recycling points | O7: 0 | P7: 0 | Q7: GMOs - Genetically Modified Organisms | R7: 0 | S7: 0 | T7: Litter | U7: 0 | V7: 0
F8: Pharmaceutical industry | G8: 0 | H8: 0 | I8: 0 | J8: 0 | K8: Pharmaceutical industry | L8: 0 | M8: 0 | N8: Extended Producer Responsibility | O8: 0 | P8: 0 | Q8: FLEGT - Forest Law Enforcement, Governance and Trade | R8: 0 | S8: 0 | T8: Development Permit Clearances | U8: 0 | V8: 0
F9: Petrol Stations | G9: 0 | H9: 0 | I9: 0 | J9: 0 | K9: Petrol Stations | L9: 0 | M9: 0 | N9: Consignment notes | O9: 0 | P9: 0 | Q9: EUTR/EUDR - EU Timber Regulations / EU Deforestation Regulation | R9: 0 | S9: 0 | T9: Nature Activity Reports | U9: 0 | V9: 0
F10: VOCs - Volatile Organic Compounds | G10: 0 | H10: 0 | I10: 0 | J10: 0 | K10: VOCs - Volatile Organic Compounds | L10: 0 | M10: 0 | N10: Disposal at Sea | O10: 0 | P10: 0 | Q10: SUPs - Movement and Importation | R10: 0 | S10: 0 | T10: CCTVs | U10: 0 | V10: 0
F11: MCPs - Medium Combustion Plants | G11: 0 | H11: 0 | I11: 0 | J11: 0 | K11: MCPs - Medium Combustion Plants | L11: 0 | M11: 0 | Q11: SUPs - Placing on the Market | R11: 0 | S11: 0 | T11: EP Consultations | U11: 0 | V11: 0
C12: ADDITIONAL INFORMATION This data will be collected by CED Operations/Admin: - Cases Opened during reporting year - Cases Closed only during reporting year (including cases opened in years prior to the reporting year) | F12: Maintenance Industries | G12: 0 | H12: 0 | I12: 0 | J12: 0 | K12: Maintenance Industries | L12: 0 | M12: 0 | T12: Strategy / Policy Consultations | U12: 0 | V12: 0
F13: Quarry drone surveys | G13: 0 | H13: 0 | I13: 0 | J13: 0 | K13: Quarry drone surveys | L13: 0 | M13: 0 | T13: Smoking Control on Beaches | U13: 0 | V13: 0
F14: Waste Dumping | G14: 0 | H14: 0 | I14: 0 | J14: 0 | K14: Waste Dumping | L14: 0 | M14: 0 | T14: Not ERA Remit | U14: 0 | V14: 0
F15: Waste Incineration | G15: 0 | H15: 0 | I15: 0 | J15: 0 | K15: Waste Incineration | L15: 0 | M15: 0
F16: Farm operations | G16: 0 | H16: 0 | I16: 0 | J16: 0 | K16: Farm operations | L16: 0 | M16: 0
F17: Aquaculture | G17: 0 | H17: 0 | I17: 0 | J17: 0 | K17: Aquaculture | L17: 0 | M17: 0
F18: COMAH - Control of Major Accident Hazards | G18: 0 | H18: 0 | I18: 0 | J18: 0 | K18: COMAH - Control of Major Accident Hazards | L18: 0 | M18: 0
F19: LCPs, STPs, ROs, NFRP and Port Facilities | G19: 0 | H19: 0 | I19: 0 | J19: 0 | K19: LCPs, STPs, ROs, NFRP and Port Facilities | L19: 0 | M19: 0
F20: Fuel Terminals | G20: 0 | H20: 0 | I20: 0 | J20: 0 | K20: Fuel Terminals | L20: 0 | M20: 0
F21: Construction / Demolition -related marine pollution | G21: 0 | H21: 0 | I21: 0 | J21: 0 | K21: Construction / Demolition -related marine pollution | L21: 0 | M21: 0
F22: Hotels and hospitality | G22: 0 | H22: 0 | I22: 0 | J22: 0 | K22: Hotels and hospitality | L22: 0 | M22: 0
F23: Groundwater (Boreholes) | G23: 0 | H23: 0 | I23: 0 | J23: 0 | K23: Groundwater (Boreholes) | L23: 0 | M23: 0
F24: Sewage in sea | G24: 0 | H24: 0 | I24: 0 | J24: 0 | K24: Sewage in sea | L24: 0 | M24: 0
F25: Exceedances in emissions/discharges | G25: 0 | H25: 0 | I25: 0 | J25: 0 | K25: Exceedances in emissions/discharges | L25: 0 | M25: 0
F26: Tree Protection | G26: 0 | H26: 0 | I26: 0 | J26: 0 | K26: Tree Protection | L26: 0 | M26: 0
... F34: Oil Spills / Major Incidents | G34: 0 | H34: 0 | I34: 0 | J34: 0 | K34: Oil Spills / Major Incidents | L34: 0 | M34: 0
B38: 2 | C38: Statistics Item | D38: Total | F38: North Region | K38: South Region | N38: Market Surveillance | Q38: Border Control | T38: Operations + Admin
C39: Total Orders Issued and Closed | D39: Issued | E39: Closed | G39: Issued - Malta | H39: Issued - Gozo | I39: Closed - Malta | J39: Closed - Gozo | L39: Issued | M39: Closed | O39: Issued | P39: Closed | R39: Issued | S39: Closed | U39: Issued | V39: Closed
D40: =SUM(G40,H40,L40,O40,R40,U40) -> 0 | E40: =SUM(I40,J40,M40,P40,S40,V40) -> 0 | G40: =SUM(G41:G70) -> 0 | H40: =SUM(H41:H70) -> 0 | I40: =SUM(I41:I70) -> 0 | J40: =SUM(J41:J70) -> 0 | L40: =SUM(L41:L70) -> 0 | M40: =SUM(M41:M70) -> 0 | O40: =SUM(O41:O46) -> 0 | P40: =SUM(P41:P46) -> 0 | R40: =SUM(R41:R47) -> 0 | S40: =SUM(S41:S47) -> 0 | U40: =SUM(U41:U49) -> 0 | V40: =SUM(V41:V49) -> 0
F41: Waste Management Facilities | G41: 0 | H41: 0 | I41: 0 | J41: 0 | K41: Waste Management Facilities | L41: 0 | M41: 0 | N41: Local Waste Transfers – Waste Carriers | O41: 0 | P41: 0 | Q41: Wildlife trade / Species Protection & Control border movements | R41: 0 | S41: 0 | T41: Development / Development permit related | U41: 0 | V41: 0
F42: Quarries and related Industries | G42: 0 | H42: 0 | I42: 0 | J42: 0 | K42: Quarries and related Industries | L42: 0 | M42: 0 | N42: Shipments of waste | O42: 0 | P42: 0 | Q42: Wildlife Trade / Species Protection & Control excluding border movements | R42: 0 | S42: 0 | T42: AERs - Annual Environment Reports | U42: 0 | V42: 0
F43: Manufacturing operations | G43: 0 | H43: 0 | I43: 0 | J43: 0 | K43: Manufacturing operations | L43: 0 | M43: 0 | N43: Recycling points | O43: 0 | P43: 0 | Q43: GMOs - Genetically Modified Organisms | R43: 0 | S43: 0 | T43: Litter | U43: 0 | V43: 0
F44: Pharmaceutical industry | G44: 0 | H44: 0 | I44: 0 | J44: 0 | K44: Pharmaceutical industry | L44: 0 | M44: 0 | N44: Extended Producer Responsibility | O44: 0 | P44: 0 | Q44: FLEGT - Forest Law Enforcement, Governance and Trade | R44: 0 | S44: 0 | T44: Development Permit Clearances | U44: 0 | V44: 0
F45: Petrol Stations | G45: 0 | H45: 0 | I45: 0 | J45: 0 | K45: Petrol Stations | L45: 0 | M45: 0 | N45: Consignment notes | O45: 0 | P45: 0 | Q45: EUTR/EUDR - EU Timber Regulations / EU Deforestation Regulation | R45: 0 | S45: 0 | T45: Nature Activity Reports | U45: 0 | V45: 0
F46: VOCs - Volatile Organic Compounds | G46: 0 | H46: 0 | I46: 0 | J46: 0 | K46: VOCs - Volatile Organic Compounds | L46: 0 | M46: 0 | N46: Disposal at Sea | O46: 0 | P46: 0 | Q46: SUPs - Movement and Importation | R46: 0 | S46: 0 | T46: CCTVs | U46: 0 | V46: 0
F47: MCPs - Medium Combustion Plants | G47: 0 | H47: 0 | I47: 0 | J47: 0 | K47: MCPs - Medium Combustion Plants | L47: 0 | M47: 0 | Q47: SUPs - Placing on the Market | R47: 0 | S47: 0 | T47: EP Consultations | U47: 0 | V47: 0
F48: Maintenance Industries | G48: 0 | H48: 0 | I48: 0 | J48: 0 | K48: Maintenance Industries | L48: 0 | M48: 0 | T48: Strategy / Policy Consultations | U48: 0 | V48: 0
F49: Quarry drone surveys | G49: 0 | H49: 0 | I49: 0 | J49: 0 | K49: Quarry drone surveys | L49: 0 | M49: 0 | T49: Smoking Control on Beaches | U49: 0 | V49: 0
F50: Waste Dumping | G50: 0 | H50: 0 | I50: 0 | J50: 0 | K50: Waste Dumping | L50: 0 | M50: 0 | T50: Not ERA Remit | U50: 0 | V50: 0
C51: ADDITIONAL INFORMATION Issued ORDERS should only be limited to reporting year. Closed ORDERS should include all ORDERS closed in reporting year. | F51: Waste Incineration | G51: 0 | H51: 0 | I51: 0 | J51: 0 | K51: Waste Incineration | L51: 0 | M51: 0
F52: Farm operations | G52: 0 | H52: 0 | I52: 0 | J52: 0 | K52: Farm operations | L52: 0 | M52: 0
F53: Aquaculture | G53: 0 | H53: 0 | I53: 0 | J53: 0 | K53: Aquaculture | L53: 0 | M53: 0
F54: COMAH - Control of Major Accident Hazards | G54: 0 | H54: 0 | I54: 0 | J54: 0 | K54: COMAH - Control of Major Accident Hazards | L54: 0 | M54: 0
F55: LCPs, STPs, ROs, NFRP and Port Facilities | G55: 0 | H55: 0 | I55: 0 | J55: 0 | K55: LCPs, STPs, ROs, NFRP and Port Facilities | L55: 0 | M55: 0
F56: Fuel Terminals | G56: 0 | H56: 0 | I56: 0 | J56: 0 | K56: Fuel Terminals | L56: 0 | M56: 0
F57: Construction / Demolition -related marine pollution | G57: 0 | H57: 0 | I57: 0 | J57: 0 | K57: Construction / Demolition -related marine pollution | L57: 0 | M57: 0
F58: Hotels and hospitality | G58: 0 | H58: 0 | I58: 0 | J58: 0 | K58: Hotels and hospitality | L58: 0 | M58: 0
F59: Groundwater (Boreholes) | G59: 0 | H59: 0 | I59: 0 | J59: 0 | K59: Groundwater (Boreholes) | L59: 0 | M59: 0
F60: Sewage in sea | G60: 0 | H60: 0 | I60: 0 | J60: 0 | K60: Sewage in sea | L60: 0 | M60: 0
F61: Exceedances in emissions/discharges | G61: 0 | H61: 0 | I61: 0 | J61: 0 | K61: Exceedances in emissions/discharges | L61: 0 | M61: 0
F62: Tree Protection | G62: 0 | H62: 0 | I62: 0 | J62: 0 | K62: Tree Protection | L62: 0 | M62: 0
F63: Species Protection | G63: 0 | H63: 0 | I63: 0 | J63: 0 | K63: Species Protection | L63: 0 | M63: 0
... F70: Oil Spills / Major Incidents | G70: 0 | H70: 0 | I70: 0 | J70: 0 | K70: Oil Spills / Major Incidents | L70: 0 | M70: 0
B74: 3 | C74: Statistics Item | D74: Total | F74: North Region | K74: South Region | N74: Market Surveillance | Q74: Border Control | T74: Operations + Admin
C75: Total Number & Description of Direct Actions / Clean-Ups | D75: =SUM(G77,I77,L77,O77,R77,U77) -> 0 | G75: Total | L75: Total | O75: Total | R75: Total | U75: Total
G76: Malta | I76: Gozo
G77: =SUM(G78:H109) -> 0 | I77: =SUM(I78:J109) -> 0 | L77: =SUM(L78:M109) -> 0 | O77: =SUM(O78:P84) -> 0 | R77: =SUM(R78:S85) -> 0 | U77: =SUM(U78:V85) -> 0
F78: Waste Management Facilities | G78: 0 | H78: 0 | I78: 0 | J78: 0 | K78: Waste Management Facilities | L78: 0 | M78: 0 | N78: Local Waste Transfers – Waste Carriers | O78: 0 | P78: 0 | Q78: Wildlife trade / Species Protection & Control border movements | R78: 0 | S78: 0 | T78: Development / Development permit related | U78: 0 | V78: 0
F79: Quarries and related Industries | G79: 0 | H79: 0 | I79: 0 | J79: 0 | K79: Quarries and related Industries | L79: 0 | M79: 0 | N79: Shipments of waste | O79: 0 | P79: 0 | Q79: Wildlife Trade / Species Protection & Control excluding border movements | R79: 0 | S79: 0 | T79: AERs - Annual Environment Reports | U79: 0 | V79: 0
F80: Manufacturing operations | G80: 0 | H80: 0 | I80: 0 | J80: 0 | K80: Manufacturing operations | L80: 0 | M80: 0 | N80: Recycling points | O80: 0 | P80: 0 | Q80: GMOs - Genetically Modified Organisms | R80: 0 | S80: 0 | T80: Litter | U80: 0 | V80: 0
F81: Pharmaceutical industry | G81: 0 | H81: 0 | I81: 0 | J81: 0 | K81: Pharmaceutical industry | L81: 0 | M81: 0 | N81: Extended Producer Responsibility | O81: 0 | P81: 0 | Q81: FLEGT - Forest Law Enforcement, Governance and Trade | R81: 0 | S81: 0 | T81: Development Permit Clearances | U81: 0 | V81: 0
F82: Petrol Stations | G82: 0 | H82: 0 | I82: 0 | J82: 0 | K82: Petrol Stations | L82: 0 | M82: 0 | N82: Consignment notes | O82: 0 | P82: 0 | Q82: EUTR/EUDR - EU Timber Regulations / EU Deforestation Regulation | R82: 0 | S82: 0 | T82: Nature Activity Reports | U82: 0 | V82: 0
F83: VOCs - Volatile Organic Compounds | G83: 0 | H83: 0 | I83: 0 | J83: 0 | K83: VOCs - Volatile Organic Compounds | L83: 0 | M83: 0 | N83: Disposal at Sea | O83: 0 | P83: 0 | Q83: SUPs - Movement and Importation | R83: 0 | S83: 0 | T83: CCTVs | U83: 0 | V83: 0
F84: MCPs - Medium Combustion Plants | G84: 0 | H84: 0 | I84: 0 | J84: 0 | K84: MCPs - Medium Combustion Plants | L84: 0 | M84: 0 | Q84: SUPs - Placing on the Market | R84: 0 | S84: 0 | T84: EP Consultations | U84: 0 | V84: 0
F85: Maintenance Industries | G85: 0 | H85: 0 | I85: 0 | J85: 0 | K85: Maintenance Industries | L85: 0 | M85: 0 | T85: Strategy / Policy Consultations | U85: 0 | V85: 0
F86: Quarry drone surveys | G86: 0 | H86: 0 | I86: 0 | J86: 0 | K86: Quarry drone surveys | L86: 0 | M86: 0 | T86: Smoking Control on Beaches | U86: 0 | V86: 0
F87: Waste Dumping | G87: 0 | H87: 0 | I87: 0 | J87: 0 | K87: Waste Dumping | L87: 0 | M87: 0 | T87: Not ERA Remit | U87: 0 | V87: 0
C88: ADDITIONAL INFORMATION Teams are urged to suggest additional Actions if needed to prevent instances of 0 data when no actions take place. | F88: Waste Incineration | G88: 0 | H88: 0 | I88: 0 | J88: 0 | K88: Waste Incineration | L88: 0 | M88: 0
F89: Farm operations | G89: 0 | H89: 0 | I89: 0 | J89: 0 | K89: Farm operations | L89: 0 | M89: 0
F90: Aquaculture | G90: 0 | H90: 0 | I90: 0 | J90: 0 | K90: Aquaculture | L90: 0 | M90: 0
F91: COMAH - Control of Major Accident Hazards | G91: 0 | H91: 0 | I91: 0 | J91: 0 | K91: COMAH - Control of Major Accident Hazards | L91: 0 | M91: 0
F92: LCPs, STPs, ROs, NFRP and Port Facilities | G92: 0 | H92: 0 | I92: 0 | J92: 0 | K92: LCPs, STPs, ROs, NFRP and Port Facilities | L92: 0 | M92: 0
F93: Fuel Terminals | G93: 0 | H93: 0 | I93: 0 | J93: 0 | K93: Fuel Terminals | L93: 0 | M93: 0
F94: Construction / Demolition -related marine pollution | G94: 0 | H94: 0 | I94: 0 | J94: 0 | K94: Construction / Demolition -related marine pollution | L94: 0 | M94: 0
F95: Hotels and hospitality | G95: 0 | H95: 0 | I95: 0 | J95: 0 | K95: Hotels and hospitality | L95: 0 | M95: 0
F96: Groundwater (Boreholes) | G96: 0 | H96: 0 | I96: 0 | J96: 0 | K96: Groundwater (Boreholes) | L96: 0 | M96: 0
F97: Sewage in sea | G97: 0 | H97: 0 | I97: 0 | J97: 0 | K97: Sewage in sea | L97: 0 | M97: 0
F98: Exceedances in emissions/discharges | G98: 0 | H98: 0 | I98: 0 | J98: 0 | K98: Exceedances in emissions/discharges | L98: 0 | M98: 0
F99: Tree Protection | G99: 0 | H99: 0 | I99: 0 | J99: 0 | K99: Tree Protection | L99: 0 | M99: 0
F100: Species Protection | G100: 0 | H100: 0 | I100: 0 | J100: 0 | K100: Species Protection | L100: 0 | M100: 0
... F107: Oil Spills / Major Incidents | G107: 0 | H107: 0 | I107: 0 | J107: 0 | K107: Oil Spills / Major Incidents | L107: 0 | M107: 0
B111: 4 | C111: Statistics Item | D111: Total | F111: North Region | K111: South Region | N111: Market Surveillance | Q111: Border Control | T111: Operations + Admin
C112: Total Administrative Fines Issued and Settled (by payment and/or remediation) | D112: Issued | E112: Closed (paid & remediated) *remediated when required | G112: Issued | I112: Closed (paid & remediated) *remediated when required | L112: Issued | M112: Closed (paid & remediated) *remediated when required | O112: Issued | P112: Closed (paid & remediated) *remediated when required | R112: Issued | S112: Closed (paid & remediated) *remediated when required | U112: Issued | V112: Closed (paid & remediated) *remediated when required
D113: =SUM(G113,H113,L113,O113,R113,U113) -> 0 | E113: =SUM(I113,J113,M113,P113,S113,V113) -> 0 | G113: =SUM(G115:G146) -> 0 | H113: =SUM(H115:H146) -> 0 | I113: =SUM(I115:I146) -> 0 | J113: =SUM(J115:J146) -> 0 | L113: =SUM(L115:L146) -> 0 | M113: =SUM(M115:M146) -> 0 | O113: =SUM(O115:O121) -> 0 | P113: =SUM(P115:P121) -> 0 | R113: =SUM(R115:R122) -> 0 | S113: =SUM(S115:S122) -> 0 | U113: =SUM(U115:U123) -> 0 | V113: =SUM(V115:V123) -> 0
G114: Malta | H114: Gozo | I114: Malta | J114: Gozo
F115: Waste Management Facilities | G115: 0 | H115: 0 | I115: 0 | J115: 0 | K115: Waste Management Facilities | L115: 0 | M115: 0 | N115: Local Waste Transfers – Waste Carriers | O115: 0 | P115: 0 | Q115: Wildlife trade / Species Protection & Control border movements | R115: 0 | S115: 0 | T115: Development / Development permit related | U115: 0 | V115: 0
F116: Quarries and related Industries | G116: 0 | H116: 0 | I116: 0 | J116: 0 | K116: Quarries and related Industries | L116: 0 | M116: 0 | N116: Shipments of waste | O116: 0 | P116: 0 | Q116: Wildlife Trade / Species Protection & Control excluding border movements | R116: 0 | S116: 0 | T116: AERs - Annual Environment Reports | U116: 0 | V116: 0
F117: Manufacturing operations | G117: 0 | H117: 0 | I117: 0 | J117: 0 | K117: Manufacturing operations | L117: 0 | M117: 0 | N117: Recycling points | O117: 0 | P117: 0 | Q117: GMOs - Genetically Modified Organisms | R117: 0 | S117: 0 | T117: Litter | U117: 0 | V117: 0
F118: Pharmaceutical industry | G118: 0 | H118: 0 | I118: 0 | J118: 0 | K118: Pharmaceutical industry | L118: 0 | M118: 0 | N118: Extended Producer Responsibility | O118: 0 | P118: 0 | Q118: FLEGT - Forest Law Enforcement, Governance and Trade | R118: 0 | S118: 0 | T118: Development Permit Clearances | U118: 0 | V118: 0
F119: Petrol Stations | G119: 0 | H119: 0 | I119: 0 | J119: 0 | K119: Petrol Stations | L119: 0 | M119: 0 | N119: Consignment notes | O119: 0 | P119: 0 | Q119: EUTR/EUDR - EU Timber Regulations / EU Deforestation Regulation | R119: 0 | S119: 0 | T119: Nature Activity Reports | U119: 0 | V119: 0
F120: VOCs - Volatile Organic Compounds | G120: 0 | H120: 0 | I120: 0 | J120: 0 | K120: VOCs - Volatile Organic Compounds | L120: 0 | M120: 0 | N120: Disposal at Sea | O120: 0 | P120: 0 | Q120: SUPs - Movement and Importation | R120: 0 | S120: 0 | T120: CCTVs | U120: 0 | V120: 0
F121: MCPs - Medium Combustion Plants | G121: 0 | H121: 0 | I121: 0 | J121: 0 | K121: MCPs - Medium Combustion Plants | L121: 0 | M121: 0 | Q121: SUPs - Placing on the Market | R121: 0 | S121: 0 | T121: EP Consultations | U121: 0 | V121: 0
C122: ADDITIONAL INFORMATION This data will be collected by CED Operations: Fines Issued should only be limited to cases for reporting year Fines Paid should include all Fines Paid during reporting year (including Fines issued prior to that year but Paid during reporting year) | F122: Maintenance Industries | G122: 0 | H122: 0 | I122: 0 | J122: 0 | K122: Maintenance Industries | L122: 0 | M122: 0 | T122: Strategy / Policy Consultations | U122: 0 | V122: 0
F123: Quarry drone surveys | G123: 0 | H123: 0 | I123: 0 | J123: 0 | K123: Quarry drone surveys | L123: 0 | M123: 0 | T123: Smoking Control on Beaches | U123: 0 | V123: 0
F124: Waste Dumping | G124: 0 | H124: 0 | I124: 0 | J124: 0 | K124: Waste Dumping | L124: 0 | M124: 0 | T124: Not ERA Remit | U124: 0 | V124: 0
F125: Waste Incineration | G125: 0 | H125: 0 | I125: 0 | J125: 0 | K125: Waste Incineration | L125: 0 | M125: 0
F126: Farm operations | G126: 0 | H126: 0 | I126: 0 | J126: 0 | K126: Farm operations | L126: 0 | M126: 0
F127: Aquaculture | G127: 0 | H127: 0 | I127: 0 | J127: 0 | K127: Aquaculture | L127: 0 | M127: 0
F128: COMAH - Control of Major Accident Hazards | G128: 0 | H128: 0 | I128: 0 | J128: 0 | K128: COMAH - Control of Major Accident Hazards | L128: 0 | M128: 0
F129: LCPs, STPs, ROs, NFRP and Port Facilities | G129: 0 | H129: 0 | I129: 0 | J129: 0 | K129: LCPs, STPs, ROs, NFRP and Port Facilities | L129: 0 | M129: 0
...

Sheet June
B2: 1 | C2: Statistics Item | D2: Total | F2: North Region | K2: South Region | N2: Market Surveillance | Q2: Border Control | T2: Operations + Admin
C3: Total Cases and/or Complaints (Internal & External) received and closed | D3: Opened | E3: Closed | G3: Opened - Malta | H3: Opened - Gozo | I3: Closed - Malta | J3: Closed - Gozo | L3: Opened | M3: Closed | O3: Opened | P3: Closed | R3: Opened | S3: Closed | U3: Opened | V3: Closed
D4: =SUM(G4,H4,L4,O4,R4,U4) -> 0 | E4: =SUM(I4,J4,M4,P4,S4,V4) -> 0 | G4: =SUM(G5:G34) -> 0 | H4: =SUM(H5:H34) -> 0 | I4: =SUM(I5:I34) -> 0 | J4: =SUM(J5:J34) -> 0 | L4: =SUM(L5:L34) -> 0 | M4: =SUM(M5:M34) -> 0 | O4: =SUM(O5:O10) -> 0 | P4: =SUM(P5:P10) -> 0 | R4: =SUM(R5:R11) -> 0 | S4: =SUM(S5:S11) -> 0 | U4: =SUM(U5:U13) -> 0 | V4: =SUM(V5:V13) -> 0
F5: Waste Management Facilities | G5: 0 | H5: 0 | I5: 0 | J5: 0 | K5: Waste Management Facilities | L5: 0 | M5: 0 | N5: Local Waste Transfers – Waste Carriers | O5: 0 | P5: 0 | Q5: Wildlife trade / Species Protection & Control border movements | R5: 0 | S5: 0 | T5: Development / Development permit related | U5: 0 | V5: 0
F6: Quarries and related Industries | G6: 0 | H6: 0 | I6: 0 | J6: 0 | K6: Quarries and related Industries | L6: 0 | M6: 0 | N6: Shipments of waste | O6: 0 | P6: 0 | Q6: Wildlife Trade / Species Protection & Control excluding border movements | R6: 0 | S6: 0 | T6: AERs - Annual Environment Reports | U6: 0 | V6: 0
F7: Manufacturing operations | G7: 0 | H7: 0 | I7: 0 | J7: 0 | K7: Manufacturing operations | L7: 0 | M7: 0 | N7: Recycling points | O7: 0 | P7: 0 | Q7: GMOs - Genetically Modified Organisms | R7: 0 | S7: 0 | T7: Litter | U7: 0 | V7: 0
F8: Pharmaceutical industry | G8: 0 | H8: 0 | I8: 0 | J8: 0 | K8: Pharmaceutical industry | L8: 0 | M8: 0 | N8: Extended Producer Responsibility | O8: 0 | P8: 0 | Q8: FLEGT - Forest Law Enforcement, Governance and Trade | R8: 0 | S8: 0 | T8: Development Permit Clearances | U8: 0 | V8: 0
F9: Petrol Stations | G9: 0 | H9: 0 | I9: 0 | J9: 0 | K9: Petrol Stations | L9: 0 | M9: 0 | N9: Consignment notes | O9: 0 | P9: 0 | Q9: EUTR/EUDR - EU Timber Regulations / EU Deforestation Regulation | R9: 0 | S9: 0 | T9: Nature Activity Reports | U9: 0 | V9: 0
F10: VOCs - Volatile Organic Compounds | G10: 0 | H10: 0 | I10: 0 | J10: 0 | K10: VOCs - Volatile Organic Compounds | L10: 0 | M10: 0 | N10: Disposal at Sea | O10: 0 | P10: 0 | Q10: SUPs - Movement and Importation | R10: 0 | S10: 0 | T10: CCTVs | U10: 0 | V10: 0
F11: MCPs - Medium Combustion Plants | G11: 0 | H11: 0 | I11: 0 | J11: 0 | K11: MCPs - Medium Combustion Plants | L11: 0 | M11: 0 | Q11: SUPs - Placing on the Market | R11: 0 | S11: 0 | T11: EP Consultations | U11: 0 | V11: 0
C12: ADDITIONAL INFORMATION This data will be collected by CED Operations/Admin: - Cases Opened during reporting year - Cases Closed only during reporting year (including cases opened in years prior to the reporting year) | F12: Maintenance Industries | G12: 0 | H12: 0 | I12: 0 | J12: 0 | K12: Maintenance Industries | L12: 0 | M12: 0 | T12: Strategy / Policy Consultations | U12: 0 | V12: 0
F13: Quarry drone surveys | G13: 0 | H13: 0 | I13: 0 | J13: 0 | K13: Quarry drone surveys | L13: 0 | M13: 0 | T13: Smoking Control on Beaches | U13: 0 | V13: 0
F14: Waste Dumping | G14: 0 | H14: 0 | I14: 0 | J14: 0 | K14: Waste Dumping | L14: 0 | M14: 0 | T14: Not ERA Remit | U14: 0 | V14: 0
F15: Waste Incineration | G15: 0 | H15: 0 | I15: 0 | J15: 0 | K15: Waste Incineration | L15: 0 | M15: 0
F16: Farm operations | G16: 0 | H16: 0 | I16: 0 | J16: 0 | K16: Farm operations | L16: 0 | M16: 0
F17: Aquaculture | G17: 0 | H17: 0 | I17: 0 | J17: 0 | K17: Aquaculture | L17: 0 | M17: 0
F18: COMAH - Control of Major Accident Hazards | G18: 0 | H18: 0 | I18: 0 | J18: 0 | K18: COMAH - Control of Major Accident Hazards | L18: 0 | M18: 0
F19: LCPs, STPs, ROs, NFRP and Port Facilities | G19: 0 | H19: 0 | I19: 0 | J19: 0 | K19: LCPs, STPs, ROs, NFRP and Port Facilities | L19: 0 | M19: 0
F20: Fuel Terminals | G20: 0 | H20: 0 | I20: 0 | J20: 0 | K20: Fuel Terminals | L20: 0 | M20: 0
F21: Construction / Demolition -related marine pollution | G21: 0 | H21: 0 | I21: 0 | J21: 0 | K21: Construction / Demolition -related marine pollution | L21: 0 | M21: 0
F22: Hotels and hospitality | G22: 0 | H22: 0 | I22: 0 | J22: 0 | K22: Hotels and hospitality | L22: 0 | M22: 0
F23: Groundwater (Boreholes) | G23: 0 | H23: 0 | I23: 0 | J23: 0 | K23: Groundwater (Boreholes) | L23: 0 | M23: 0
F24: Sewage in sea | G24: 0 | H24: 0 | I24: 0 | J24: 0 | K24: Sewage in sea | L24: 0 | M24: 0
F25: Exceedances in emissions/discharges | G25: 0 | H25: 0 | I25: 0 | J25: 0 | K25: Exceedances in emissions/discharges | L25: 0 | M25: 0
F26: Tree Protection | G26: 0 | H26: 0 | I26: 0 | J26: 0 | K26: Tree Protection | L26: 0 | M26: 0
... F34: Oil Spills / Major Incidents | G34: 0 | H34: 0 | I34: 0 | J34: 0 | K34: Oil Spills / Major Incidents | L34: 0 | M34: 0
B38: 2 | C38: Statistics Item | D38: Total | F38: North Region | K38: South Region | N38: Market Surveillance | Q38: Border Control | T38: Operations + Admin
C39: Total Orders Issued and Closed | D39: Issued | E39: Closed | G39: Issued - Malta | H39: Issued - Gozo | I39: Closed - Malta | J39: Closed - Gozo | L39: Issued | M39: Closed | O39: Issued | P39: Closed | R39: Issued | S39: Closed | U39: Issued | V39: Closed
D40: =SUM(G40,H40,L40,O40,R40,U40) -> 0 | E40: =SUM(I40,J40,M40,P40,S40,V40) -> 0 | G40: =SUM(G41:G70) -> 0 | H40: =SUM(H41:H70) -> 0 | I40: =SUM(I41:I70) -> 0 | J40: =SUM(J41:J70) -> 0 | L40: =SUM(L41:L70) -> 0 | M40: =SUM(M41:M70) -> 0 | O40: =SUM(O41:O46) -> 0 | P40: =SUM(P41:P46) -> 0 | R40: =SUM(R41:R47) -> 0 | S40: =SUM(S41:S47) -> 0 | U40: =SUM(U41:U49) -> 0 | V40: =SUM(V41:V49) -> 0
F41: Waste Management Facilities | G41: 0 | H41: 0 | I41: 0 | J41: 0 | K41: Waste Management Facilities | L41: 0 | M41: 0 | N41: Local Waste Transfers – Waste Carriers | O41: 0 | P41: 0 | Q41: Wildlife trade / Species Protection & Control border movements | R41: 0 | S41: 0 | T41: Development / Development permit related | U41: 0 | V41: 0
F42: Quarries and related Industries | G42: 0 | H42: 0 | I42: 0 | J42: 0 | K42: Quarries and related Industries | L42: 0 | M42: 0 | N42: Shipments of waste | O42: 0 | P42: 0 | Q42: Wildlife Trade / Species Protection & Control excluding border movements | R42: 0 | S42: 0 | T42: AERs - Annual Environment Reports | U42: 0 | V42: 0
F43: Manufacturing operations | G43: 0 | H43: 0 | I43: 0 | J43: 0 | K43: Manufacturing operations | L43: 0 | M43: 0 | N43: Recycling points | O43: 0 | P43: 0 | Q43: GMOs - Genetically Modified Organisms | R43: 0 | S43: 0 | T43: Litter | U43: 0 | V43: 0
F44: Pharmaceutical industry | G44: 0 | H44: 0 | I44: 0 | J44: 0 | K44: Pharmaceutical industry | L44: 0 | M44: 0 | N44: Extended Producer Responsibility | O44: 0 | P44: 0 | Q44: FLEGT - Forest Law Enforcement, Governance and Trade | R44: 0 | S44: 0 | T44: Development Permit Clearances | U44: 0 | V44: 0
F45: Petrol Stations | G45: 0 | H45: 0 | I45: 0 | J45: 0 | K45: Petrol Stations | L45: 0 | M45: 0 | N45: Consignment notes | O45: 0 | P45: 0 | Q45: EUTR/EUDR - EU Timber Regulations / EU Deforestation Regulation | R45: 0 | S45: 0 | T45: Nature Activity Reports | U45: 0 | V45: 0
F46: VOCs - Volatile Organic Compounds | G46: 0 | H46: 0 | I46: 0 | J46: 0 | K46: VOCs - Volatile Organic Compounds | L46: 0 | M46: 0 | N46: Disposal at Sea | O46: 0 | P46: 0 | Q46: SUPs - Movement and Importation | R46: 0 | S46: 0 | T46: CCTVs | U46: 0 | V46: 0
F47: MCPs - Medium Combustion Plants | G47: 0 | H47: 0 | I47: 0 | J47: 0 | K47: MCPs - Medium Combustion Plants | L47: 0 | M47: 0 | Q47: SUPs - Placing on the Market | R47: 0 | S47: 0 | T47: EP Consultations | U47: 0 | V47: 0
F48: Maintenance Industries | G48: 0 | H48: 0 | I48: 0 | J48: 0 | K48: Maintenance Industries | L48: 0 | M48: 0 | T48: Strategy / Policy Consultations | U48: 0 | V48: 0
F49: Quarry drone surveys | G49: 0 | H49: 0 | I49: 0 | J49: 0 | K49: Quarry drone surveys | L49: 0 | M49: 0 | T49: Smoking Control on Beaches | U49: 0 | V49: 0
F50: Waste Dumping | G50: 0 | H50: 0 | I50: 0 | J50: 0 | K50: Waste Dumping | L50: 0 | M50: 0 | T50: Not ERA Remit | U50: 0 | V50: 0
C51: ADDITIONAL INFORMATION Issued ORDERS should only be limited to reporting year. Closed ORDERS should include all ORDERS closed in reporting year. | F51: Waste Incineration | G51: 0 | H51: 0 | I51: 0 | J51: 0 | K51: Waste Incineration | L51: 0 | M51: 0
F52: Farm operations | G52: 0 | H52: 0 | I52: 0 | J52: 0 | K52: Farm operations | L52: 0 | M52: 0
F53: Aquaculture | G53: 0 | H53: 0 | I53: 0 | J53: 0 | K53: Aquaculture | L53: 0 | M53: 0
F54: COMAH - Control of Major Accident Hazards | G54: 0 | H54: 0 | I54: 0 | J54: 0 | K54: COMAH - Control of Major Accident Hazards | L54: 0 | M54: 0
F55: LCPs, STPs, ROs, NFRP and Port Facilities | G55: 0 | H55: 0 | I55: 0 | J55: 0 | K55: LCPs, STPs, ROs, NFRP and Port Facilities | L55: 0 | M55: 0
F56: Fuel Terminals | G56: 0 | H56: 0 | I56: 0 | J56: 0 | K56: Fuel Terminals | L56: 0 | M56: 0
F57: Construction / Demolition -related marine pollution | G57: 0 | H57: 0 | I57: 0 | J57: 0 | K57: Construction / Demolition -related marine pollution | L57: 0 | M57: 0
F58: Hotels and hospitality | G58: 0 | H58: 0 | I58: 0 | J58: 0 | K58: Hotels and hospitality | L58: 0 | M58: 0
F59: Groundwater (Boreholes) | G59: 0 | H59: 0 | I59: 0 | J59: 0 | K59: Groundwater (Boreholes) | L59: 0 | M59: 0
F60: Sewage in sea | G60: 0 | H60: 0 | I60: 0 | J60: 0 | K60: Sewage in sea | L60: 0 | M60: 0
F61: Exceedances in emissions/discharges | G61: 0 | H61: 0 | I61: 0 | J61: 0 | K61: Exceedances in emissions/discharges | L61: 0 | M61: 0
F62: Tree Protection | G62: 0 | H62: 0 | I62: 0 | J62: 0 | K62: Tree Protection | L62: 0 | M62: 0
F63: Species Protection | G63: 0 | H63: 0 | I63: 0 | J63: 0 | K63: Species Protection | L63: 0 | M63: 0
... F70: Oil Spills / Major Incidents | G70: 0 | H70: 0 | I70: 0 | J70: 0 | K70: Oil Spills / Major Incidents | L70: 0 | M70: 0
B74: 3 | C74: Statistics Item | D74: Total | F74: North Region | K74: South Region | N74: Market Surveillance | Q74: Border Control | T74: Operations + Admin
C75: Total Number & Description of Direct Actions / Clean-Ups | D75: =SUM(G77,I77,L77,O77,R77,U77) -> 0 | G75: Total | L75: Total | O75: Total | R75: Total | U75: Total
G76: Malta | I76: Gozo
G77: =SUM(G78:H109) -> 0 | I77: =SUM(I78:J109) -> 0 | L77: =SUM(L78:M109) -> 0 | O77: =SUM(O78:P84) -> 0 | R77: =SUM(R78:S85) -> 0 | U77: =SUM(U78:V85) -> 0
F78: Waste Management Facilities | G78: 0 | H78: 0 | I78: 0 | J78: 0 | K78: Waste Management Facilities | L78: 0 | M78: 0 | N78: Local Waste Transfers – Waste Carriers | O78: 0 | P78: 0 | Q78: Wildlife trade / Species Protection & Control border movements | R78: 0 | S78: 0 | T78: Development / Development permit related | U78: 0 | V78: 0
F79: Quarries and related Industries | G79: 0 | H79: 0 | I79: 0 | J79: 0 | K79: Quarries and related Industries | L79: 0 | M79: 0 | N79: Shipments of waste | O79: 0 | P79: 0 | Q79: Wildlife Trade / Species Protection & Control excluding border movements | R79: 0 | S79: 0 | T79: AERs - Annual Environment Reports | U79: 0 | V79: 0
F80: Manufacturing operations | G80: 0 | H80: 0 | I80: 0 | J80: 0 | K80: Manufacturing operations | L80: 0 | M80: 0 | N80: Recycling points | O80: 0 | P80: 0 | Q80: GMOs - Genetically Modified Organisms | R80: 0 | S80: 0 | T80: Litter | U80: 0 | V80: 0
F81: Pharmaceutical industry | G81: 0 | H81: 0 | I81: 0 | J81: 0 | K81: Pharmaceutical industry | L81: 0 | M81: 0 | N81: Extended Producer Responsibility | O81: 0 | P81: 0 | Q81: FLEGT - Forest Law Enforcement, Governance and Trade | R81: 0 | S81: 0 | T81: Development Permit Clearances | U81: 0 | V81: 0
F82: Petrol Stations | G82: 0 | H82: 0 | I82: 0 | J82: 0 | K82: Petrol Stations | L82: 0 | M82: 0 | N82: Consignment notes | O82: 0 | P82: 0 | Q82: EUTR/EUDR - EU Timber Regulations / EU Deforestation Regulation | R82: 0 | S82: 0 | T82: Nature Activity Reports | U82: 0 | V82: 0
F83: VOCs - Volatile Organic Compounds | G83: 0 | H83: 0 | I83: 0 | J83: 0 | K83: VOCs - Volatile Organic Compounds | L83: 0 | M83: 0 | N83: Disposal at Sea | O83: 0 | P83: 0 | Q83: SUPs - Movement and Importation | R83: 0 | S83: 0 | T83: CCTVs | U83: 0 | V83: 0
F84: MCPs - Medium Combustion Plants | G84: 0 | H84: 0 | I84: 0 | J84: 0 | K84: MCPs - Medium Combustion Plants | L84: 0 | M84: 0 | Q84: SUPs - Placing on the Market | R84: 0 | S84: 0 | T84: EP Consultations | U84: 0 | V84: 0
F85: Maintenance Industries | G85: 0 | H85: 0 | I85: 0 | J85: 0 | K85: Maintenance Industries | L85: 0 | M85: 0 | T85: Strategy / Policy Consultations | U85: 0 | V85: 0
F86: Quarry drone surveys | G86: 0 | H86: 0 | I86: 0 | J86: 0 | K86: Quarry drone surveys | L86: 0 | M86: 0 | T86: Smoking Control on Beaches | U86: 0 | V86: 0
F87: Waste Dumping | G87: 0 | H87: 0 | I87: 0 | J87: 0 | K87: Waste Dumping | L87: 0 | M87: 0 | T87: Not ERA Remit | U87: 0 | V87: 0
C88: ADDITIONAL INFORMATION Teams are urged to suggest additional Actions if needed to prevent instances of 0 data when no actions take place. | F88: Waste Incineration | G88: 0 | H88: 0 | I88: 0 | J88: 0 | K88: Waste Incineration | L88: 0 | M88: 0
F89: Farm operations | G89: 0 | H89: 0 | I89: 0 | J89: 0 | K89: Farm operations | L89: 0 | M89: 0
F90: Aquaculture | G90: 0 | H90: 0 | I90: 0 | J90: 0 | K90: Aquaculture | L90: 0 | M90: 0
F91: COMAH - Control of Major Accident Hazards | G91: 0 | H91: 0 | I91: 0 | J91: 0 | K91: COMAH - Control of Major Accident Hazards | L91: 0 | M91: 0
F92: LCPs, STPs, ROs, NFRP and Port Facilities | G92: 0 | H92: 0 | I92: 0 | J92: 0 | K92: LCPs, STPs, ROs, NFRP and Port Facilities | L92: 0 | M92: 0
F93: Fuel Terminals | G93: 0 | H93: 0 | I93: 0 | J93: 0 | K93: Fuel Terminals | L93: 0 | M93: 0
F94: Construction / Demolition -related marine pollution | G94: 0 | H94: 0 | I94: 0 | J94: 0 | K94: Construction / Demolition -related marine pollution | L94: 0 | M94: 0
F95: Hotels and hospitality | G95: 0 | H95: 0 | I95: 0 | J95: 0 | K95: Hotels and hospitality | L95: 0 | M95: 0
F96: Groundwater (Boreholes) | G96: 0 | H96: 0 | I96: 0 | J96: 0 | K96: Groundwater (Boreholes) | L96: 0 | M96: 0
F97: Sewage in sea | G97: 0 | H97: 0 | I97: 0 | J97: 0 | K97: Sewage in sea | L97: 0 | M97: 0
F98: Exceedances in emissions/discharges | G98: 0 | H98: 0 | I98: 0 | J98: 0 | K98: Exceedances in emissions/discharges | L98: 0 | M98: 0
F99: Tree Protection | G99: 0 | H99: 0 | I99: 0 | J99: 0 | K99: Tree Protection | L99: 0 | M99: 0
F100: Species Protection | G100: 0 | H100: 0 | I100: 0 | J100: 0 | K100: Species Protection | L100: 0 | M100: 0
... F107: Oil Spills / Major Incidents | G107: 0 | H107: 0 | I107: 0 | J107: 0 | K107: Oil Spills / Major Incidents | L107: 0 | M107: 0
B111: 4 | C111: Statistics Item | D111: Total | F111: North Region | K111: South Region | N111: Market Surveillance | Q111: Border Control | T111: Operations + Admin
C112: Total Administrative Fines Issued and Settled (by payment and/or remediation) | D112: Issued | E112: Closed (paid & remediated) *remediated when required | G112: Issued | I112: Closed (paid & remediated) *remediated when required | L112: Issued | M112: Closed (paid & remediated) *remediated when required | O112: Issued | P112: Closed (paid & remediated) *remediated when required | R112: Issued | S112: Closed (paid & remediated) *remediated when required | U112: Issued | V112: Closed (paid & remediated) *remediated when required
D113: =SUM(G113,H113,L113,O113,R113,U113) -> 0 | E113: =SUM(I113,J113,M113,P113,S113,V113) -> 0 | G113: =SUM(G115:G146) -> 0 | H113: =SUM(H115:H146) -> 0 | I113: =SUM(I115:I146) -> 0 | J113: =SUM(J115:J146) -> 0 | L113: =SUM(L115:L146) -> 0 | M113: =SUM(M115:M146) -> 0 | O113: =SUM(O115:O121) -> 0 | P113: =SUM(P115:P121) -> 0 | R113: =SUM(R115:R122) -> 0 | S113: =SUM(S115:S122) -> 0 | U113: =SUM(U115:U123) -> 0 | V113: =SUM(V115:V123) -> 0
G114: Malta | H114: Gozo | I114: Malta | J114: Gozo
F115: Waste Management Facilities | G115: 0 | H115: 0 | I115: 0 | J115: 0 | K115: Waste Management Facilities | L115: 0 | M115: 0 | N115: Local Waste Transfers – Waste Carriers | O115: 0 | P115: 0 | Q115: Wildlife trade / Species Protection & Control border movements | R115: 0 | S115: 0 | T115: Development / Development permit related | U115: 0 | V115: 0
F116: Quarries and related Industries | G116: 0 | H116: 0 | I116: 0 | J116: 0 | K116: Quarries and related Industries | L116: 0 | M116: 0 | N116: Shipments of waste | O116: 0 | P116: 0 | Q116: Wildlife Trade / Species Protection & Control excluding border movements | R116: 0 | S116: 0 | T116: AERs - Annual Environment Reports | U116: 0 | V116: 0
F117: Manufacturing operations | G117: 0 | H117: 0 | I117: 0 | J117: 0 | K117: Manufacturing operations | L117: 0 | M117: 0 | N117: Recycling points | O117: 0 | P117: 0 | Q117: GMOs - Genetically Modified Organisms | R117: 0 | S117: 0 | T117: Litter | U117: 0 | V117: 0
F118: Pharmaceutical industry | G118: 0 | H118: 0 | I118: 0 | J118: 0 | K118: Pharmaceutical industry | L118: 0 | M118: 0 | N118: Extended Producer Responsibility | O118: 0 | P118: 0 | Q118: FLEGT - Forest Law Enforcement, Governance and Trade | R118: 0 | S118: 0 | T118: Development Permit Clearances | U118: 0 | V118: 0
F119: Petrol Stations | G119: 0 | H119: 0 | I119: 0 | J119: 0 | K119: Petrol Stations | L119: 0 | M119: 0 | N119: Consignment notes | O119: 0 | P119: 0 | Q119: EUTR/EUDR - EU Timber Regulations / EU Deforestation Regulation | R119: 0 | S119: 0 | T119: Nature Activity Reports | U119: 0 | V119: 0
F120: VOCs - Volatile Organic Compounds | G120: 0 | H120: 0 | I120: 0 | J120: 0 | K120: VOCs - Volatile Organic Compounds | L120: 0 | M120: 0 | N120: Disposal at Sea | O120: 0 | P120: 0 | Q120: SUPs - Movement and Importation | R120: 0 | S120: 0 | T120: CCTVs | U120: 0 | V120: 0
F121: MCPs - Medium Combustion Plants | G121: 0 | H121: 0 | I121: 0 | J121: 0 | K121: MCPs - Medium Combustion Plants | L121: 0 | M121: 0 | Q121: SUPs - Placing on the Market | R121: 0 | S121: 0 | T121: EP Consultations | U121: 0 | V121: 0
C122: ADDITIONAL INFORMATION This data will be collected by CED Operations: Fines Issued should only be limited to cases for reporting year Fines Paid should include all Fines Paid during reporting year (including Fines issued prior to that year but Paid during reporting year) | F122: Maintenance Industries | G122: 0 | H122: 0 | I122: 0 | J122: 0 | K122: Maintenance Industries | L122: 0 | M122: 0 | T122: Strategy / Policy Consultations | U122: 0 | V122: 0
F123: Quarry drone surveys | G123: 0 | H123: 0 | I123: 0 | J123: 0 | K123: Quarry drone surveys | L123: 0 | M123: 0 | T123: Smoking Control on Beaches | U123: 0 | V123: 0
F124: Waste Dumping | G124: 0 | H124: 0 | I124: 0 | J124: 0 | K124: Waste Dumping | L124: 0 | M124: 0 | T124: Not ERA Remit | U124: 0 | V124: 0
F125: Waste Incineration | G125: 0 | H125: 0 | I125: 0 | J125: 0 | K125: Waste Incineration | L125: 0 | M125: 0
F126: Farm operations | G126: 0 | H126: 0 | I126: 0 | J126: 0 | K126: Farm operations | L126: 0 | M126: 0
F127: Aquaculture | G127: 0 | H127: 0 | I127: 0 | J127: 0 | K127: Aquaculture | L127: 0 | M127: 0
F128: COMAH - Control of Major Accident Hazards | G128: 0 | H128: 0 | I128: 0 | J128: 0 | K128: COMAH - Control of Major Accident Hazards | L128: 0 | M128: 0
F129: LCPs, STPs, ROs, NFRP and Port Facilities | G129: 0 | H129: 0 | I129: 0 | J129: 0 | K129: LCPs, STPs, ROs, NFRP and Port Facilities | L129: 0 | M129: 0
...

Sheet Q2
B2: 1 | C2: Statistics Item | D2: Total | F2: North Region | K2: South Region | N2: Market Surveillance | Q2: Border Control | T2: Operations + Admin
C3: Total Cases and/or Complaints (Internal & External) received and closed | D3: Opened | E3: Closed | G3: Opened - Malta | H3: Opened - Gozo | I3: Closed - Malta | J3: Closed - Gozo | L3: Opened | M3: Closed | O3: Opened | P3: Closed | R3: Opened | S3: Closed | U3: Opened | V3: Closed
D4: =SUM(G4,H4,L4,O4,R4,U4) -> 0 | E4: =SUM(I4,J4,M4,P4,S4,V4) -> 0 | G4: =SUM(G5:G34) -> 0 | H4: =SUM(H5:H34) -> 0 | I4: =SUM(I5:I34) -> 0 | J4: =SUM(J5:J34) -> 0 | L4: =SUM(L5:L34) -> 0 | M4: =SUM(M5:M34) -> 0 | O4: =SUM(O5:O10) -> 0 | P4: =SUM(P5:P10) -> 0 | R4: =SUM(R5:R11) -> 0 | S4: =SUM(S5:S11) -> 0 | U4: =SUM(U5:U13) -> 0 | V4: =SUM(V5:V13) -> 0
F5: Waste Management Facilities | G5: 0 | H5: 0 | I5: 0 | J5: 0 | K5: Waste Management Facilities | L5: 0 | M5: 0 | N5: Local Waste Transfers – Waste Carriers | O5: 0 | P5: 0 | Q5: Wildlife trade / Species Protection & Control border movements | R5: 0 | S5: 0 | T5: Development / Development permit related | U5: 0 | V5: 0
F6: Quarries and related Industries | G6: 0 | H6: 0 | I6: 0 | J6: 0 | K6: Quarries and related Industries | L6: 0 | M6: 0 | N6: Shipments of waste | O6: 0 | P6: 0 | Q6: Wildlife Trade / Species Protection & Control excluding border movements | R6: 0 | S6: 0 | T6: AERs - Annual Environment Reports | U6: 0 | V6: 0
F7: Manufacturing operations | G7: 0 | H7: 0 | I7: 0 | J7: 0 | K7: Manufacturing operations | L7: 0 | M7: 0 | N7: Recycling points | O7: 0 | P7: 0 | Q7: GMOs - Genetically Modified Organisms | R7: 0 | S7: 0 | T7: Litter | U7: 0 | V7: 0
F8: Pharmaceutical industry | G8: 0 | H8: 0 | I8: 0 | J8: 0 | K8: Pharmaceutical industry | L8: 0 | M8: 0 | N8: Extended Producer Responsibility | O8: 0 | P8: 0 | Q8: FLEGT - Forest Law Enforcement, Governance and Trade | R8: 0 | S8: 0 | T8: Development Permit Clearances | U8: 0 | V8: 0
F9: Petrol Stations | G9: 0 | H9: 0 | I9: 0 | J9: 0 | K9: Petrol Stations | L9: 0 | M9: 0 | N9: Consignment notes | O9: 0 | P9: 0 | Q9: EUTR/EUDR - EU Timber Regulations / EU Deforestation Regulation | R9: 0 | S9: 0 | T9: Nature Activity Reports | U9: 0 | V9: 0
F10: VOCs - Volatile Organic Compounds | G10: 0 | H10: 0 | I10: 0 | J10: 0 | K10: VOCs - Volatile Organic Compounds | L10: 0 | M10: 0 | N10: Disposal at Sea | O10: 0 | P10: 0 | Q10: SUPs - Movement and Importation | R10: 0 | S10: 0 | T10: CCTVs | U10: 0 | V10: 0
F11: MCPs - Medium Combustion Plants | G11: 0 | H11: 0 | I11: 0 | J11: 0 | K11: MCPs - Medium Combustion Plants | L11: 0 | M11: 0 | Q11: SUPs - Placing on the Market | R11: 0 | S11: 0 | T11: EP Consultations | U11: 0 | V11: 0
C12: ADDITIONAL INFORMATION This data will be collected by CED Operations/Admin: - Cases Opened during reporting year - Cases Closed only during reporting year (including cases opened in years prior to the reporting year) | F12: Maintenance Industries | G12: 0 | H12: 0 | I12: 0 | J12: 0 | K12: Maintenance Industries | L12: 0 | M12: 0 | T12: Strategy / Policy Consultations | U12: 0 | V12: 0
F13: Quarry drone surveys | G13: 0 | H13: 0 | I13: 0 | J13: 0 | K13: Quarry drone surveys | L13: 0 | M13: 0 | T13: Smoking Control on Beaches | U13: 0 | V13: 0
F14: Waste Dumping | G14: 0 | H14: 0 | I14: 0 | J14: 0 | K14: Waste Dumping | L14: 0 | M14: 0 | T14: Not ERA Remit | U14: 0 | V14: 0
F15: Waste Incineration | G15: 0 | H15: 0 | I15: 0 | J15: 0 | K15: Waste Incineration | L15: 0 | M15: 0
F16: Farm operations | G16: 0 | H16: 0 | I16: 0 | J16: 0 | K16: Farm operations | L16: 0 | M16: 0
F17: Aquaculture | G17: 0 | H17: 0 | I17: 0 | J17: 0 | K17: Aquaculture | L17: 0 | M17: 0
F18: COMAH - Control of Major Accident Hazards | G18: 0 | H18: 0 | I18: 0 | J18: 0 | K18: COMAH - Control of Major Accident Hazards | L18: 0 | M18: 0
F19: LCPs, STPs, ROs, NFRP and Port Facilities | G19: 0 | H19: 0 | I19: 0 | J19: 0 | K19: LCPs, STPs, ROs, NFRP and Port Facilities | L19: 0 | M19: 0
F20: Fuel Terminals | G20: 0 | H20: 0 | I20: 0 | J20: 0 | K20: Fuel Terminals | L20: 0 | M20: 0
F21: Construction / Demolition -related marine pollution | G21: 0 | H21: 0 | I21: 0 | J21: 0 | K21: Construction / Demolition -related marine pollution | L21: 0 | M21: 0
F22: Hotels and hospitality | G22: 0 | H22: 0 | I22: 0 | J22: 0 | K22: Hotels and hospitality | L22: 0 | M22: 0
F23: Groundwater (Boreholes) | G23: 0 | H23: 0 | I23: 0 | J23: 0 | K23: Groundwater (Boreholes) | L23: 0 | M23: 0
F24: Sewage in sea | G24: 0 | H24: 0 | I24: 0 | J24: 0 | K24: Sewage in sea | L24: 0 | M24: 0
F25: Exceedances in emissions/discharges | G25: 0 | H25: 0 | I25: 0 | J25: 0 | K25: Exceedances in emissions/discharges | L25: 0 | M25: 0
F26: Tree Protection | G26: 0 | H26: 0 | I26: 0 | J26: 0 | K26: Tree Protection | L26: 0 | M26: 0
... F34: Oil Spills / Major Incidents | G34: 0 | H34: 0 | I34: 0 | J34: 0 | K34: Oil Spills / Major Incidents | L34: 0 | M34: 0
B38: 2 | C38: Statistics Item | D38: Total | F38: North Region | K38: South Region | N38: Market Surveillance | Q38: Border Control | T38: Operations + Admin
C39: Total Orders Issued and Closed | D39: Issued | E39: Closed | G39: Issued - Malta | H39: Issued - Gozo | I39: Closed - Malta | J39: Closed - Gozo | L39: Issued | M39: Closed | O39: Issued | P39: Closed | R39: Issued | S39: Closed | U39: Issued | V39: Closed
D40: =SUM(G40,H40,L40,O40,R40,U40) -> 0 | E40: =SUM(I40,J40,M40,P40,S40,V40) -> 0 | G40: =SUM(G41:G70) -> 0 | H40: =SUM(H41:H70) -> 0 | I40: =SUM(I41:I70) -> 0 | J40: =SUM(J41:J70) -> 0 | L40: =SUM(L41:L70) -> 0 | M40: =SUM(M41:M70) -> 0 | O40: =SUM(O41:O46) -> 0 | P40: =SUM(P41:P46) -> 0 | R40: =SUM(R41:R47) -> 0 | S40: =SUM(S41:S47) -> 0 | U40: =SUM(U41:U49) -> 0 | V40: =SUM(V41:V49) -> 0
F41: Waste Management Facilities | G41: 0 | H41: 0 | I41: 0 | J41: 0 | K41: Waste Management Facilities | L41: 0 | M41: 0 | N41: Local Waste Transfers – Waste Carriers | O41: 0 | P41: 0 | Q41: Wildlife trade / Species Protection & Control border movements | R41: 0 | S41: 0 | T41: Development / Development permit related | U41: 0 | V41: 0
F42: Quarries and related Industries | G42: 0 | H42: 0 | I42: 0 | J42: 0 | K42: Quarries and related Industries | L42: 0 | M42: 0 | N42: Shipments of waste | O42: 0 | P42: 0 | Q42: Wildlife Trade / Species Protection & Control excluding border movements | R42: 0 | S42: 0 | T42: AERs - Annual Environment Reports | U42: 0 | V42: 0
F43: Manufacturing operations | G43: 0 | H43: 0 | I43: 0 | J43: 0 | K43: Manufacturing operations | L43: 0 | M43: 0 | N43: Recycling points | O43: 0 | P43: 0 | Q43: GMOs - Genetically Modified Organisms | R43: 0 | S43: 0 | T43: Litter | U43: 0 | V43: 0
F44: Pharmaceutical industry | G44: 0 | H44: 0 | I44: 0 | J44: 0 | K44: Pharmaceutical industry | L44: 0 | M44: 0 | N44: Extended Producer Responsibility | O44: 0 | P44: 0 | Q44: FLEGT - Forest Law Enforcement, Governance and Trade | R44: 0 | S44: 0 | T44: Development Permit Clearances | U44: 0 | V44: 0
F45: Petrol Stations | G45: 0 | H45: 0 | I45: 0 | J45: 0 | K45: Petrol Stations | L45: 0 | M45: 0 | N45: Consignment notes | O45: 0 | P45: 0 | Q45: EUTR/EUDR - EU Timber Regulations / EU Deforestation Regulation | R45: 0 | S45: 0 | T45: Nature Activity Reports | U45: 0 | V45: 0
F46: VOCs - Volatile Organic Compounds | G46: 0 | H46: 0 | I46: 0 | J46: 0 | K46: VOCs - Volatile Organic Compounds | L46: 0 | M46: 0 | N46: Disposal at Sea | O46: 0 | P46: 0 | Q46: SUPs - Movement and Importation | R46: 0 | S46: 0 | T46: CCTVs | U46: 0 | V46: 0
F47: MCPs - Medium Combustion Plants | G47: 0 | H47: 0 | I47: 0 | J47: 0 | K47: MCPs - Medium Combustion Plants | L47: 0 | M47: 0 | Q47: SUPs - Placing on the Market | R47: 0 | S47: 0 | T47: EP Consultations | U47: 0 | V47: 0
F48: Maintenance Industries | G48: 0 | H48: 0 | I48: 0 | J48: 0 | K48: Maintenance Industries | L48: 0 | M48: 0 | T48: Strategy / Policy Consultations | U48: 0 | V48: 0
F49: Quarry drone surveys | G49: 0 | H49: 0 | I49: 0 | J49: 0 | K49: Quarry drone surveys | L49: 0 | M49: 0 | T49: Smoking Control on Beaches | U49: 0 | V49: 0
F50: Waste Dumping | G50: 0 | H50: 0 | I50: 0 | J50: 0 | K50: Waste Dumping | L50: 0 | M50: 0 | T50: Not ERA Remit | U50: 0 | V50: 0
C51: ADDITIONAL INFORMATION Issued ORDERS should only be limited to reporting year. Closed ORDERS should include all ORDERS closed in reporting year. | F51: Waste Incineration | G51: 0 | H51: 0 | I51: 0 | J51: 0 | K51: Waste Incineration | L51: 0 | M51: 0
F52: Farm operations | G52: 0 | H52: 0 | I52: 0 | J52: 0 | K52: Farm operations | L52: 0 | M52: 0
F53: Aquaculture | G53: 0 | H53: 0 | I53: 0 | J53: 0 | K53: Aquaculture | L53: 0 | M53: 0
F54: COMAH - Control of Major Accident Hazards | G54: 0 | H54: 0 | I54: 0 | J54: 0 | K54: COMAH - Control of Major Accident Hazards | L54: 0 | M54: 0
F55: LCPs, STPs, ROs, NFRP and Port Facilities | G55: 0 | H55: 0 | I55: 0 | J55: 0 | K55: LCPs, STPs, ROs, NFRP and Port Facilities | L55: 0 | M55: 0
F56: Fuel Terminals | G56: 0 | H56: 0 | I56: 0 | J56: 0 | K56: Fuel Terminals | L56: 0 | M56: 0
F57: Construction / Demolition -related marine pollution | G57: 0 | H57: 0 | I57: 0 | J57: 0 | K57: Construction / Demolition -related marine pollution | L57: 0 | M57: 0
F58: Hotels and hospitality | G58: 0 | H58: 0 | I58: 0 | J58: 0 | K58: Hotels and hospitality | L58: 0 | M58: 0
F59: Groundwater (Boreholes) | G59: 0 | H59: 0 | I59: 0 | J59: 0 | K59: Groundwater (Boreholes) | L59: 0 | M59: 0
F60: Sewage in sea | G60: 0 | H60: 0 | I60: 0 | J60: 0 | K60: Sewage in sea | L60: 0 | M60: 0
F61: Exceedances in emissions/discharges | G61: 0 | H61: 0 | I61: 0 | J61: 0 | K61: Exceedances in emissions/discharges | L61: 0 | M61: 0
F62: Tree Protection | G62: 0 | H62: 0 | I62: 0 | J62: 0 | K62: Tree Protection | L62: 0 | M62: 0
F63: Species Protection | G63: 0 | H63: 0 | I63: 0 | J63: 0 | K63: Species Protection | L63: 0 | M63: 0
... F70: Oil Spills / Major Incidents | G70: 0 | H70: 0 | I70: 0 | J70: 0 | K70: Oil Spills / Major Incidents | L70: 0 | M70: 0
B74: 3 | C74: Statistics Item | D74: Total | F74: North Region | K74: South Region | N74: Market Surveillance | Q74: Border Control | T74: Operations + Admin
C75: Total Number & Description of Direct Actions / Clean-Ups | D75: =SUM(G77,I77,L77,O77,R77,U77) -> 0 | G75: Total | L75: Total | O75: Total | R75: Total | U75: Total
G76: Malta | I76: Gozo
G77: =SUM(G78:H109) -> 0 | I77: =SUM(I78:J109) -> 0 | L77: =SUM(L78:M109) -> 0 | O77: =SUM(O78:P84) -> 0 | R77: =SUM(R78:S85) -> 0 | U77: =SUM(U78:V85) -> 0
F78: Waste Management Facilities | G78: 0 | H78: 0 | I78: 0 | J78: 0 | K78: Waste Management Facilities | L78: 0 | M78: 0 | N78: Local Waste Transfers – Waste Carriers | O78: 0 | P78: 0 | Q78: Wildlife trade / Species Protection & Control border movements | R78: 0 | S78: 0 | T78: Development / Development permit related | U78: 0 | V78: 0
F79: Quarries and related Industries | G79: 0 | H79: 0 | I79: 0 | J79: 0 | K79: Quarries and related Industries | L79: 0 | M79: 0 | N79: Shipments of waste | O79: 0 | P79: 0 | Q79: Wildlife Trade / Species Protection & Control excluding border movements | R79: 0 | S79: 0 | T79: AERs - Annual Environment Reports | U79: 0 | V79: 0
F80: Manufacturing operations | G80: 0 | H80: 0 | I80: 0 | J80: 0 | K80: Manufacturing operations | L80: 0 | M80: 0 | N80: Recycling points | O80: 0 | P80: 0 | Q80: GMOs - Genetically Modified Organisms | R80: 0 | S80: 0 | T80: Litter | U80: 0 | V80: 0
F81: Pharmaceutical industry | G81: 0 | H81: 0 | I81: 0 | J81: 0 | K81: Pharmaceutical industry | L81: 0 | M81: 0 | N81: Extended Producer Responsibility | O81: 0 | P81: 0 | Q81: FLEGT - Forest Law Enforcement, Governance and Trade | R81: 0 | S81: 0 | T81: Development Permit Clearances | U81: 0 | V81: 0
F82: Petrol Stations | G82: 0 | H82: 0 | I82: 0 | J82: 0 | K82: Petrol Stations | L82: 0 | M82: 0 | N82: Consignment notes | O82: 0 | P82: 0 | Q82: EUTR/EUDR - EU Timber Regulations / EU Deforestation Regulation | R82: 0 | S82: 0 | T82: Nature Activity Reports | U82: 0 | V82: 0
F83: VOCs - Volatile Organic Compounds | G83: 0 | H83: 0 | I83: 0 | J83: 0 | K83: VOCs - Volatile Organic Compounds | L83: 0 | M83: 0 | N83: Disposal at Sea | O83: 0 | P83: 0 | Q83: SUPs - Movement and Importation | R83: 0 | S83: 0 | T83: CCTVs | U83: 0 | V83: 0
F84: MCPs - Medium Combustion Plants | G84: 0 | H84: 0 | I84: 0 | J84: 0 | K84: MCPs - Medium Combustion Plants | L84: 0 | M84: 0 | Q84: SUPs - Placing on the Market | R84: 0 | S84: 0 | T84: EP Consultations | U84: 0 | V84: 0
F85: Maintenance Industries | G85: 0 | H85: 0 | I85: 0 | J85: 0 | K85: Maintenance Industries | L85: 0 | M85: 0 | T85: Strategy / Policy Consultations | U85: 0 | V85: 0
F86: Quarry drone surveys | G86: 0 | H86: 0 | I86: 0 | J86: 0 | K86: Quarry drone surveys | L86: 0 | M86: 0 | T86: Smoking Control on Beaches | U86: 0 | V86: 0
F87: Waste Dumping | G87: 0 | H87: 0 | I87: 0 | J87: 0 | K87: Waste Dumping | L87: 0 | M87: 0 | T87: Not ERA Remit | U87: 0 | V87: 0
C88: ADDITIONAL INFORMATION Teams are urged to suggest additional Actions if needed to prevent instances of 0 data when no actions take place. | F88: Waste Incineration | G88: 0 | H88: 0 | I88: 0 | J88: 0 | K88: Waste Incineration | L88: 0 | M88: 0
F89: Farm operations | G89: 0 | H89: 0 | I89: 0 | J89: 0 | K89: Farm operations | L89: 0 | M89: 0
F90: Aquaculture | G90: 0 | H90: 0 | I90: 0 | J90: 0 | K90: Aquaculture | L90: 0 | M90: 0
F91: COMAH - Control of Major Accident Hazards | G91: 0 | H91: 0 | I91: 0 | J91: 0 | K91: COMAH - Control of Major Accident Hazards | L91: 0 | M91: 0
F92: LCPs, STPs, ROs, NFRP and Port Facilities | G92: 0 | H92: 0 | I92: 0 | J92: 0 | K92: LCPs, STPs, ROs, NFRP and Port Facilities | L92: 0 | M92: 0
F93: Fuel Terminals | G93: 0 | H93: 0 | I93: 0 | J93: 0 | K93: Fuel Terminals | L93: 0 | M93: 0
F94: Construction / Demolition -related marine pollution | G94: 0 | H94: 0 | I94: 0 | J94: 0 | K94: Construction / Demolition -related marine pollution | L94: 0 | M94: 0
F95: Hotels and hospitality | G95: 0 | H95: 0 | I95: 0 | J95: 0 | K95: Hotels and hospitality | L95: 0 | M95: 0
F96: Groundwater (Boreholes) | G96: 0 | H96: 0 | I96: 0 | J96: 0 | K96: Groundwater (Boreholes) | L96: 0 | M96: 0
F97: Sewage in sea | G97: 0 | H97: 0 | I97: 0 | J97: 0 | K97: Sewage in sea | L97: 0 | M97: 0
F98: Exceedances in emissions/discharges | G98: 0 | H98: 0 | I98: 0 | J98: 0 | K98: Exceedances in emissions/discharges | L98: 0 | M98: 0
F99: Tree Protection | G99: 0 | H99: 0 | I99: 0 | J99: 0 | K99: Tree Protection | L99: 0 | M99: 0
F100: Species Protection | G100: 0 | H100: 0 | I100: 0 | J100: 0 | K100: Species Protection | L100: 0 | M100: 0
... F107: Oil Spills / Major Incidents | G107: 0 | H107: 0 | I107: 0 | J107: 0 | K107: Oil Spills / Major Incidents | L107: 0 | M107: 0
B111: 4 | C111: Statistics Item | D111: Total | F111: North Region | K111: South Region | N111: Market Surveillance | Q111: Border Control | T111: Operations + Admin
C112: Total Administrative Fines Issued and Settled (by payment and/or remediation) | D112: Issued | E112: Closed (paid & remediated) *remediated when required | G112: Issued | I112: Closed (paid & remediated) *remediated when required | L112: Issued | M112: Closed (paid & remediated) *remediated when required | O112: Issued | P112: Closed (paid & remediated) *remediated when required | R112: Issued | S112: Closed (paid & remediated) *remediated when required | U112: Issued | V112: Closed (paid & remediated) *remediated when required
D113: =SUM(G113,H113,L113,O113,R113,U113) -> 0 | E113: =SUM(I113,J113,M113,P113,S113,V113) -> 0 | G113: =SUM(G115:G146) -> 0 | H113: =SUM(H115:H146) -> 0 | I113: =SUM(I115:I146) -> 0 | J113: =SUM(J115:J146) -> 0 | L113: =SUM(L115:L146) -> 0 | M113: =SUM(M115:M146) -> 0 | O113: =SUM(O115:O121) -> 0 | P113: =SUM(P115:P121) -> 0 | R113: =SUM(R115:R122) -> 0 | S113: =SUM(S115:S122) -> 0 | U113: =SUM(U115:U123) -> 0 | V113: =SUM(V115:V123) -> 0
G114: Malta | H114: Gozo | I114: Malta | J114: Gozo
F115: Waste Management Facilities | G115: 0 | H115: 0 | I115: 0 | J115: 0 | K115: Waste Management Facilities | L115: 0 | M115: 0 | N115: Local Waste Transfers – Waste Carriers | O115: 0 | P115: 0 | Q115: Wildlife trade / Species Protection & Control border movements | R115: 0 | S115: 0 | T115: Development / Development permit related | U115: 0 | V115: 0
F116: Quarries and related Industries | G116: 0 | H116: 0 | I116: 0 | J116: 0 | K116: Quarries and related Industries | L116: 0 | M116: 0 | N116: Shipments of waste | O116: 0 | P116: 0 | Q116: Wildlife Trade / Species Protection & Control excluding border movements | R116: 0 | S116: 0 | T116: AERs - Annual Environment Reports | U116: 0 | V116: 0
F117: Manufacturing operations | G117: 0 | H117: 0 | I117: 0 | J117: 0 | K117: Manufacturing operations | L117: 0 | M117: 0 | N117: Recycling points | O117: 0 | P117: 0 | Q117: GMOs - Genetically Modified Organisms | R117: 0 | S117: 0 | T117: Litter | U117: 0 | V117: 0
F118: Pharmaceutical industry | G118: 0 | H118: 0 | I118: 0 | J118: 0 | K118: Pharmaceutical industry | L118: 0 | M118: 0 | N118: Extended Producer Responsibility | O118: 0 | P118: 0 | Q118: FLEGT - Forest Law Enforcement, Governance and Trade | R118: 0 | S118: 0 | T118: Development Permit Clearances | U118: 0 | V118: 0
F119: Petrol Stations | G119: 0 | H119: 0 | I119: 0 | J119: 0 | K119: Petrol Stations | L119: 0 | M119: 0 | N119: Consignment notes | O119: 0 | P119: 0 | Q119: EUTR/EUDR - EU Timber Regulations / EU Deforestation Regulation | R119: 0 | S119: 0 | T119: Nature Activity Reports | U119: 0 | V119: 0
F120: VOCs - Volatile Organic Compounds | G120: 0 | H120: 0 | I120: 0 | J120: 0 | K120: VOCs - Volatile Organic Compounds | L120: 0 | M120: 0 | N120: Disposal at Sea | O120: 0 | P120: 0 | Q120: SUPs - Movement and Importation | R120: 0 | S120: 0 | T120: CCTVs | U120: 0 | V120: 0
F121: MCPs - Medium Combustion Plants | G121: 0 | H121: 0 | I121: 0 | J121: 0 | K121: MCPs - Medium Combustion Plants | L121: 0 | M121: 0 | Q121: SUPs - Placing on the Market | R121: 0 | S121: 0 | T121: EP Consultations | U121: 0 | V121: 0
C122: ADDITIONAL INFORMATION This data will be collected by CED Operations: Fines Issued should only be limited to cases for reporting year Fines Paid should include all Fines Paid during reporting year (including Fines issued prior to that year but Paid during reporting year) | F122: Maintenance Industries | G122: 0 | H122: 0 | I122: 0 | J122: 0 | K122: Maintenance Industries | L122: 0 | M122: 0 | T122: Strategy / Policy Consultations | U122: 0 | V122: 0
F123: Quarry drone surveys | G123: 0 | H123: 0 | I123: 0 | J123: 0 | K123: Quarry drone surveys | L123: 0 | M123: 0 | T123: Smoking Control on Beaches | U123: 0 | V123: 0
F124: Waste Dumping | G124: 0 | H124: 0 | I124: 0 | J124: 0 | K124: Waste Dumping | L124: 0 | M124: 0 | T124: Not ERA Remit | U124: 0 | V124: 0
F125: Waste Incineration | G125: 0 | H125: 0 | I125: 0 | J125: 0 | K125: Waste Incineration | L125: 0 | M125: 0
F126: Farm operations | G126: 0 | H126: 0 | I126: 0 | J126: 0 | K126: Farm operations | L126: 0 | M126: 0
F127: Aquaculture | G127: 0 | H127: 0 | I127: 0 | J127: 0 | K127: Aquaculture | L127: 0 | M127: 0
F128: COMAH - Control of Major Accident Hazards | G128: 0 | H128: 0 | I128: 0 | J128: 0 | K128: COMAH - Control of Major Accident Hazards | L128: 0 | M128: 0
F129: LCPs, STPs, ROs, NFRP and Port Facilities | G129: 0 | H129: 0 | I129: 0 | J129: 0 | K129: LCPs, STPs, ROs, NFRP and Port Facilities | L129: 0 | M129: 0
...

Sheet Q2 Dashboard
C2: Cases
C3: Case Opened | D3: Case Closed
B4: (INPUT YEAR) | C4: ='Q2'!D4 -> 0 | D4: ='Q2'!E4 -> 0
C8: Total Number of Inspections
B9: (INPUT YEAR) | C9: ='Q2'!D155 -> 0
B13: Warning Letters Issued & Administrative Fines Issued
C14: Warning Letters | D14: Administrative Fines
B15: (INPUT YEAR) | C15: ='Q2'!D247 -> 0 | D15: ='Q2'!D113 -> 0
B18: Compliance Orders Issued
B19: (INPUT YEAR) | C19: ='Q2'!D40 -> 0
C22: Waste Litter
C23: Inspections | D23: Warning Letters Issued | E23: Fines Issued
B24: (INPUT YEAR) | C24: ='Q2'!U160 -> 0 | D24: ='Q2'!U252 -> 0 | E24: ='Q2'!U117 -> 0
C39: North Inspections | D39: South Inspections | E39: Market Surveillance Inspections | F39: Border Control Inspections | G39: Operations + Admin Inspections | H39: On-Call Inspections
B40: Waste Management Facilities | C40: ='Q2'!G158+'Q2'!H158 -> 0 | D40: ='Q2'!L158 -> 0 | E40: 0 | F40: 0 | G40: 0 | H40: ='Q2'!X160+'Q2'!Y160 -> 0
B41: Quarries and related Industries | C41: ='Q2'!G159+'Q2'!H159 -> 0 | D41: ='Q2'!L159 -> 0 | E41: 0 | F41: 0 | G41: 0 | H41: ='Q2'!X161+'Q2'!Y161 -> 0
B42: Manufacturing operations | C42: ='Q2'!G160+'Q2'!H160 -> 0 | D42: ='Q2'!L160 -> 0 | E42: 0 | F42: 0 | G42: 0 | H42: ='Q2'!X162+'Q2'!Y162 -> 0
B43: Pharmaceutical industry | C43: ='Q2'!G161+'Q2'!H161 -> 0 | D43: ='Q2'!L161 -> 0 | E43: 0 | F43: 0 | G43: 0 | H43: ='Q2'!X163+'Q2'!Y163 -> 0
B44: Petrol Stations | C44: ='Q2'!G162+'Q2'!H162 -> 0 | D44: ='Q2'!L162 -> 0 | E44: 0 | F44: 0 | G44: 0 | H44: ='Q2'!X164+'Q2'!Y164 -> 0
B45: VOCs - Volatile Organic Compounds | C45: ='Q2'!G163+'Q2'!H163 -> 0 | D45: ='Q2'!L163 -> 0 | E45: 0 | F45: 0 | G45: 0 | H45: ='Q2'!X165+'Q2'!Y165 -> 0
B46: MCPs - Medium Combustion Plants | C46: ='Q2'!G164+'Q2'!H164 -> 0 | D46: ='Q2'!L164 -> 0 | E46: 0 | F46: 0 | G46: 0 | H46: ='Q2'!X166+'Q2'!Y166 -> 0
B47: Maintenance Industries | C47: ='Q2'!G165+'Q2'!H165 -> 0 | D47: ='Q2'!L165 -> 0 | E47: 0 | F47: 0 | G47: 0 | H47: ='Q2'!X167+'Q2'!Y167 -> 0
B48: Quarry drone surveys | C48: ='Q2'!G166+'Q2'!H166 -> 0 | D48: ='Q2'!L166 -> 0 | E48: 0 | F48: 0 | G48: 0 | H48: ='Q2'!X168+'Q2'!Y168 -> 0
B49: Waste Dumping | C49: ='Q2'!G167+'Q2'!H167 -> 0 | D49: ='Q2'!L167 -> 0 | E49: 0 | F49: 0 | G49: 0 | H49: ='Q2'!X169+'Q2'!Y169 -> 0
B50: Waste Incineration | C50: ='Q2'!G168+'Q2'!H168 -> 0 | D50: ='Q2'!L168 -> 0 | E50: 0 | F50: 0 | G50: 0 | H50: ='Q2'!X170+'Q2'!Y170 -> 0
B51: Farm operations | C51: ='Q2'!G169+'Q2'!H169 -> 0 | D51: ='Q2'!L169 -> 0 | E51: 0 | F51: 0 | G51: 0 | H51: ='Q2'!X171+'Q2'!Y171 -> 0
... B69: Oil Spills / Major Incidents | C69: ='Q2'!G187+'Q2'!H187 -> 0 | D69: ='Q2'!L187 -> 0 | E69: 0 | F69: 0 | G69: 0 | H69: ='Q2'!X189+'Q2'!Y189 -> 0
B70: Local Waste Transfers – Waste Carriers | C70: 0 | D70: 0 | E70: ='Q2'!O158 -> 0 | F70: 0 | G70: 0 | H70: 0
B71: Shipments of waste | C71: 0 | D71: 0 | E71: ='Q2'!O159 -> 0 | F71: 0 | G71: 0 | H71: ='Q2'!X191+'Q2'!Y191 -> 0
B72: Recycling points | C72: 0 | D72: 0 | E72: ='Q2'!O160 -> 0 | F72: 0 | G72: 0 | H72: ='Q2'!X192+'Q2'!Y192 -> 0
B73: Extended Producer Responsibility | C73: 0 | D73: 0 | E73: ='Q2'!O161 -> 0 | F73: 0 | G73: 0 | H73: ='Q2'!X193+'Q2'!Y193 -> 0
B74: Consignment notes | C74: 0 | D74: 0 | E74: ='Q2'!O162 -> 0 | F74: 0 | G74: 0 | H74: ='Q2'!X194+'Q2'!Y194 -> 0
B75: Disposal at Sea | C75: 0 | D75: 0 | E75: ='Q2'!O163 -> 0 | F75: 0 | G75: 0 | H75: ='Q2'!X195+'Q2'!Y195 -> 0
B76: Wildlife trade / Species Protection & Control border movements | C76: 0 | D76: 0 | E76: 0 | F76: ='Q2'!R158 -> 0 | G76: 0 | H76: ='Q2'!X196+'Q2'!Y196 -> 0
B77: Wildlife Trade / Species Protection & Control excluding border movements | C77: 0 | D77: 0 | E77: 0 | F77: ='Q2'!R159 -> 0 | G77: 0 | H77: ='Q2'!X197+'Q2'!Y197 -> 0
B78: GMOs - Genetically Modified Organisms | C78: 0 | D78: 0 | E78: 0 | F78: ='Q2'!R160 -> 0 | G78: 0 | H78: ='Q2'!X198+'Q2'!Y198 -> 0
B79: FLEGT - Forest Law Enforcement, Governance and Trade | C79: 0 | D79: 0 | E79: 0 | F79: ='Q2'!R161 -> 0 | G79: 0 | H79: ='Q2'!X199+'Q2'!Y199 -> 0
B80: EUTR/EUDR - EU Timber Regulations / EU Deforestation Regulation | C80: 0 | D80: 0 | E80: 0 | F80: ='Q2'!R162 -> 0 | G80: 0 | H80: ='Q2'!X200+'Q2'!Y200 -> 0
B81: SUPs - Movement and Importation | C81: 0 | D81: 0 | E81: 0 | F81: ='Q2'!R163 -> 0 | G81: 0 | H81: ='Q2'!X201+'Q2'!Y201 -> 0
B82: SUPs - Placing on the Market | C82: 0 | D82: 0 | E82: 0 | F82: ='Q2'!R164 -> 0 | G82: 0 | H82: ='Q2'!X202+'Q2'!Y202 -> 0
B83: Development / Development permit related | C83: 0 | D83: 0 | E83: 0 | F83: 0 | G83: ='Q2'!U158 -> 0 | H83: ='Q2'!X203+'Q2'!Y203 -> 0
B84: AERs - Q2 Environment Reports | C84: 0 | D84: 0 | E84: 0 | F84: 0 | G84: ='Q2'!U159 -> 0 | H84: ='Q2'!X204+'Q2'!Y204 -> 0
B85: Litter | C85: 0 | D85: 0 | E85: 0 | F85: 0 | G85: ='Q2'!U160 -> 0 | H85: ='Q2'!X205+'Q2'!Y205 -> 0
B86: Development Permit Clearances | C86: 0 | D86: 0 | E86: 0 | F86: 0 | G86: ='Q2'!U161 -> 0 | H86: ='Q2'!X206+'Q2'!Y206 -> 0
B87: Nature Activity Reports | C87: 0 | D87: 0 | E87: 0 | F87: 0 | G87: ='Q2'!U162 -> 0 | H87: ='Q2'!X207+'Q2'!Y207 -> 0
B88: CCTVs | C88: 0 | D88: 0 | E88: 0 | F88: 0 | G88: ='Q2'!U163 -> 0 | H88: ='Q2'!X208+'Q2'!Y208 -> 0
B89: EP Consultations | C89: 0 | D89: 0 | E89: 0 | F89: 0 | G89: ='Q2'!U164 -> 0 | H89: ='Q2'!X209+'Q2'!Y209 -> 0
B90: Strategy / Policy Consultations | C90: 0 | D90: 0 | E90: 0 | F90: 0 | G90: ='Q2'!U165 -> 0 | H90: ='Q2'!X210+'Q2'!Y210 -> 0
B91: Smoking Control on Beaches | C91: 0 | D91: 0 | E91: 0 | F91: 0 | G91: ='Q2'!U166 -> 0 | H91: ='Q2'!X211+'Q2'!Y211 -> 0
B92: Not ERA Remit | C92: 0 | D92: 0 | E92: 0 | F92: 0 | G92: ='Q2'!U167 -> 0 | H92: ='Q2'!X212+'Q2'!Y212 -> 0
B135: Sector | C135: Sub Sector | D135: Fines Issued | E135: Fines Closed
B136: North Region + South Region | C136: Waste Management Facilities | D136: ='Q2'!G115+'Q2'!H115+'Q2'!L115 -> 0 | E136: ='Q2'!I115+'Q2'!J115+'Q2'!M115 -> 0
C137: Quarries and related Industries | D137: ='Q2'!G116+'Q2'!H116+'Q2'!L116 -> 0 | E137: ='Q2'!I116+'Q2'!J116+'Q2'!M116 -> 0
C138: Manufacturing operations | D138: ='Q2'!G117+'Q2'!H117+'Q2'!L117 -> 0 | E138: ='Q2'!I117+'Q2'!J117+'Q2'!M117 -> 0
C139: Pharmaceutical industry | D139: ='Q2'!G118+'Q2'!H118+'Q2'!L118 -> 0 | E139: ='Q2'!I118+'Q2'!J118+'Q2'!M118 -> 0
C140: Petrol Stations | D140: ='Q2'!G119+'Q2'!H119+'Q2'!L119 -> 0 | E140: ='Q2'!I119+'Q2'!J119+'Q2'!M119 -> 0
C141: VOCs - Volatile Organic Compounds | D141: ='Q2'!G120+'Q2'!H120+'Q2'!L120 -> 0 | E141: ='Q2'!I120+'Q2'!J120+'Q2'!M120 -> 0
C142: MCPs - Medium Combustion Plants | D142: ='Q2'!G121+'Q2'!H121+'Q2'!L121 -> 0 | E142: ='Q2'!I121+'Q2'!J121+'Q2'!M121 -> 0
C143: Maintenance Industries | D143: ='Q2'!G122+'Q2'!H122+'Q2'!L122 -> 0 | E143: ='Q2'!I122+'Q2'!J122+'Q2'!M122 -> 0
C144: Quarry drone surveys | D144: ='Q2'!G123+'Q2'!H123+'Q2'!L123 -> 0 | E144: ='Q2'!I123+'Q2'!J123+'Q2'!M123 -> 0
C145: Waste Dumping | D145: ='Q2'!G124+'Q2'!H124+'Q2'!L124 -> 0 | E145: ='Q2'!I124+'Q2'!J124+'Q2'!M124 -> 0
C146: Waste Incineration | D146: ='Q2'!G125+'Q2'!H125+'Q2'!L125 -> 0 | E146: ='Q2'!I125+'Q2'!J125+'Q2'!M125 -> 0
C147: Farm operations | D147: ='Q2'!G126+'Q2'!H126+'Q2'!L126 -> 0 | E147: ='Q2'!I126+'Q2'!J126+'Q2'!M126 -> 0
C148: Aquaculture | D148: ='Q2'!G127+'Q2'!H127+'Q2'!L127 -> 0 | E148: ='Q2'!I127+'Q2'!J127+'Q2'!M127 -> 0
... C165: Oil Spills / Major Incidents | D165: ='Q2'!G144+'Q2'!H144+'Q2'!L144 -> 0 | E165: ='Q2'!I144+'Q2'!J144+'Q2'!M144 -> 0
B166: Market Surveillance | C166: Local Waste Transfers – Waste Carriers | D166: ='Q2'!L115 -> 0 | E166: ='Q2'!M115 -> 0
C167: Shipments of waste | D167: ='Q2'!L116 -> 0 | E167: ='Q2'!M116 -> 0
C168: Recycling points | D168: ='Q2'!L117 -> 0 | E168: ='Q2'!M117 -> 0
C169: Extended Producer Responsibility | D169: ='Q2'!L118 -> 0 | E169: ='Q2'!M118 -> 0
C170: Consignment notes | D170: ='Q2'!L119 -> 0 | E170: ='Q2'!M119 -> 0
C171: Disposal at Sea | D171: ='Q2'!L120 -> 0 | E171: ='Q2'!M120 -> 0
B172: Border Control | C172: Wildlife trade / Species Protection & Control border movements | D172: ='Q2'!O115 -> 0 | E172: ='Q2'!P115 -> 0
C173: Wildlife Trade / Species Protection & Control excluding border movements | D173: ='Q2'!O116 -> 0 | E173: ='Q2'!P116 -> 0
C174: GMOs - Genetically Modified Organisms | D174: ='Q2'!O117 -> 0 | E174: ='Q2'!P117 -> 0
C175: FLEGT - Forest Law Enforcement, Governance and Trade | D175: ='Q2'!O118 -> 0 | E175: ='Q2'!P118 -> 0
C176: EUTR/EUDR - EU Timber Regulations / EU Deforestation Regulation | D176: ='Q2'!O119 -> 0 | E176: ='Q2'!P119 -> 0
C177: SUPs - Movement and Importation | D177: ='Q2'!O120 -> 0 | E177: ='Q2'!P120 -> 0
C178: SUPs - Placing on the Market | D178: ='Q2'!O121 -> 0 | E178: ='Q2'!P121 -> 0
B179: Operations + Admin | C179: Development / Development permit related | D179: ='Q2'!U115 -> 0 | E179: ='Q2'!S115 -> 0
C180: AERs - Q2 Environment Reports | D180: ='Q2'!U116 -> 0 | E180: ='Q2'!S116 -> 0
C181: Litter | D181: ='Q2'!U117 -> 0 | E181: ='Q2'!S117 -> 0
C182: Development Permit Clearances | D182: ='Q2'!U118 -> 0 | E182: ='Q2'!S118 -> 0
C183: Nature Activity Reports | D183: ='Q2'!U119 -> 0 | E183: ='Q2'!S119 -> 0
C184: CCTVs | D184: ='Q2'!U120 -> 0 | E184: ='Q2'!S120 -> 0
C185: EP Consultations | D185: ='Q2'!U121 -> 0 | E185: ='Q2'!S121 -> 0
C186: Strategy / Policy Consultations | D186: ='Q2'!U122 -> 0 | E186: ='Q2'!S122 -> 0
C187: Smoking Control on Beaches | D187: ='Q2'!U123 -> 0 | E187: ='Q2'!S123 -> 0
C188: Not ERA Remit | D188: ='Q2'!U124 -> 0 | E188: ='Q2'!S124 -> 0
C191: Total | D191: Ammount of fines Issued | E191: Ammount of Fines Closed
D192: ='Q2'!D113 -> 0 | E192: ='Q2'!E113 -> 0
B194: Cross-Sectoral Consultations
B195: Various Consultations | C195: ='Q2'!U222 -> 0
B196: AER | C196: ='Q2'!U223 -> 0
B197: Waste Brokers | C197: ='Q2'!U224 -> 0
B198: Audit Reports | C198: ='Q2'!U225 -> 0
B199: Nature Reporting | C199: ='Q2'!U226 -> 0
B200: PA Consultations | C200: ='Q2'!U227 -> 0
B201: Waste Broker Consultations | C201: ='Q2'!U228 -> 0
B202: EP Consultations | C202: ='Q2'!U229 -> 0
C222: North Inspections | D222: South Inspections
...

Sheet July
B2: 1 | C2: Statistics Item | D2: Total | F2: North Region | K2: South Region | N2: Market Surveillance | Q2: Border Control | T2: Operations + Admin
C3: Total Cases and/or Complaints (Internal & External) received and closed | D3: Opened | E3: Closed | G3: Opened - Malta | H3: Opened - Gozo | I3: Closed - Malta | J3: Closed - Gozo | L3: Opened | M3: Closed | O3: Opened | P3: Closed | R3: Opened | S3: Closed | U3: Opened | V3: Closed
D4: =SUM(G4,H4,L4,O4,R4,U4) -> 0 | E4: =SUM(I4,J4,M4,P4,S4,V4) -> 0 | G4: =SUM(G5:G34) -> 0 | H4: =SUM(H5:H34) -> 0 | I4: =SUM(I5:I34) -> 0 | J4: =SUM(J5:J34) -> 0 | L4: =SUM(L5:L34) -> 0 | M4: =SUM(M5:M34) -> 0 | O4: =SUM(O5:O10) -> 0 | P4: =SUM(P5:P10) -> 0 | R4: =SUM(R5:R11) -> 0 | S4: =SUM(S5:S11) -> 0 | U4: =SUM(U5:U13) -> 0 | V4: =SUM(V5:V13) -> 0
F5: Waste Management Facilities | G5: 0 | H5: 0 | I5: 0 | J5: 0 | K5: Waste Management Facilities | L5: 0 | M5: 0 | N5: Local Waste Transfers – Waste Carriers | O5: 0 | P5: 0 | Q5: Wildlife trade / Species Protection & Control border movements | R5: 0 | S5: 0 | T5: Development / Development permit related | U5: 0 | V5: 0
F6: Quarries and related Industries | G6: 0 | H6: 0 | I6: 0 | J6: 0 | K6: Quarries and related Industries | L6: 0 | M6: 0 | N6: Shipments of waste | O6: 0 | P6: 0 | Q6: Wildlife Trade / Species Protection & Control excluding border movements | R6: 0 | S6: 0 | T6: AERs - Annual Environment Reports | U6: 0 | V6: 0
F7: Manufacturing operations | G7: 0 | H7: 0 | I7: 0 | J7: 0 | K7: Manufacturing operations | L7: 0 | M7: 0 | N7: Recycling points | O7: 0 | P7: 0 | Q7: GMOs - Genetically Modified Organisms | R7: 0 | S7: 0 | T7: Litter | U7: 0 | V7: 0
F8: Pharmaceutical industry | G8: 0 | H8: 0 | I8: 0 | J8: 0 | K8: Pharmaceutical industry | L8: 0 | M8: 0 | N8: Extended Producer Responsibility | O8: 0 | P8: 0 | Q8: FLEGT - Forest Law Enforcement, Governance and Trade | R8: 0 | S8: 0 | T8: Development Permit Clearances | U8: 0 | V8: 0
F9: Petrol Stations | G9: 0 | H9: 0 | I9: 0 | J9: 0 | K9: Petrol Stations | L9: 0 | M9: 0 | N9: Consignment notes | O9: 0 | P9: 0 | Q9: EUTR/EUDR - EU Timber Regulations / EU Deforestation Regulation | R9: 0 | S9: 0 | T9: Nature Activity Reports | U9: 0 | V9: 0
F10: VOCs - Volatile Organic Compounds | G10: 0 | H10: 0 | I10: 0 | J10: 0 | K10: VOCs - Volatile Organic Compounds | L10: 0 | M10: 0 | N10: Disposal at Sea | O10: 0 | P10: 0 | Q10: SUPs - Movement and Importation | R10: 0 | S10: 0 | T10: CCTVs | U10: 0 | V10: 0
F11: MCPs - Medium Combustion Plants | G11: 0 | H11: 0 | I11: 0 | J11: 0 | K11: MCPs - Medium Combustion Plants | L11: 0 | M11: 0 | Q11: SUPs - Placing on the Market | R11: 0 | S11: 0 | T11: EP Consultations | U11: 0 | V11: 0
C12: ADDITIONAL INFORMATION This data will be collected by CED Operations/Admin: - Cases Opened during reporting year - Cases Closed only during reporting year (including cases opened in years prior to the reporting year) | F12: Maintenance Industries | G12: 0 | H12: 0 | I12: 0 | J12: 0 | K12: Maintenance Industries | L12: 0 | M12: 0 | T12: Strategy / Policy Consultations | U12: 0 | V12: 0
F13: Quarry drone surveys | G13: 0 | H13: 0 | I13: 0 | J13: 0 | K13: Quarry drone surveys | L13: 0 | M13: 0 | T13: Smoking Control on Beaches | U13: 0 | V13: 0
F14: Waste Dumping | G14: 0 | H14: 0 | I14: 0 | J14: 0 | K14: Waste Dumping | L14: 0 | M14: 0 | T14: Not ERA Remit | U14: 0 | V14: 0
F15: Waste Incineration | G15: 0 | H15: 0 | I15: 0 | J15: 0 | K15: Waste Incineration | L15: 0 | M15: 0
F16: Farm operations | G16: 0 | H16: 0 | I16: 0 | J16: 0 | K16: Farm operations | L16: 0 | M16: 0
F17: Aquaculture | G17: 0 | H17: 0 | I17: 0 | J17: 0 | K17: Aquaculture | L17: 0 | M17: 0
F18: COMAH - Control of Major Accident Hazards | G18: 0 | H18: 0 | I18: 0 | J18: 0 | K18: COMAH - Control of Major Accident Hazards | L18: 0 | M18: 0
F19: LCPs, STPs, ROs, NFRP and Port Facilities | G19: 0 | H19: 0 | I19: 0 | J19: 0 | K19: LCPs, STPs, ROs, NFRP and Port Facilities | L19: 0 | M19: 0
F20: Fuel Terminals | G20: 0 | H20: 0 | I20: 0 | J20: 0 | K20: Fuel Terminals | L20: 0 | M20: 0
F21: Construction / Demolition -related marine pollution | G21: 0 | H21: 0 | I21: 0 | J21: 0 | K21: Construction / Demolition -related marine pollution | L21: 0 | M21: 0
F22: Hotels and hospitality | G22: 0 | H22: 0 | I22: 0 | J22: 0 | K22: Hotels and hospitality | L22: 0 | M22: 0
F23: Groundwater (Boreholes) | G23: 0 | H23: 0 | I23: 0 | J23: 0 | K23: Groundwater (Boreholes) | L23: 0 | M23: 0
F24: Sewage in sea | G24: 0 | H24: 0 | I24: 0 | J24: 0 | K24: Sewage in sea | L24: 0 | M24: 0
F25: Exceedances in emissions/discharges | G25: 0 | H25: 0 | I25: 0 | J25: 0 | K25: Exceedances in emissions/discharges | L25: 0 | M25: 0
F26: Tree Protection | G26: 0 | H26: 0 | I26: 0 | J26: 0 | K26: Tree Protection | L26: 0 | M26: 0
... F34: Oil Spills / Major Incidents | G34: 0 | H34: 0 | I34: 0 | J34: 0 | K34: Oil Spills / Major Incidents | L34: 0 | M34: 0
B38: 2 | C38: Statistics Item | D38: Total | F38: North Region | K38: South Region | N38: Market Surveillance | Q38: Border Control | T38: Operations + Admin
C39: Total Orders Issued and Closed | D39: Issued | E39: Closed | G39: Issued - Malta | H39: Issued - Gozo | I39: Closed - Malta | J39: Closed - Gozo | L39: Issued | M39: Closed | O39: Issued | P39: Closed | R39: Issued | S39: Closed | U39: Issued | V39: Closed
D40: =SUM(G40,H40,L40,O40,R40,U40) -> 0 | E40: =SUM(I40,J40,M40,P40,S40,V40) -> 0 | G40: =SUM(G41:G70) -> 0 | H40: =SUM(H41:H70) -> 0 | I40: =SUM(I41:I70) -> 0 | J40: =SUM(J41:J70) -> 0 | L40: =SUM(L41:L70) -> 0 | M40: =SUM(M41:M70) -> 0 | O40: =SUM(O41:O46) -> 0 | P40: =SUM(P41:P46) -> 0 | R40: =SUM(R41:R47) -> 0 | S40: =SUM(S41:S47) -> 0 | U40: =SUM(U41:U49) -> 0 | V40: =SUM(V41:V49) -> 0
F41: Waste Management Facilities | G41: 0 | H41: 0 | I41: 0 | J41: 0 | K41: Waste Management Facilities | L41: 0 | M41: 0 | N41: Local Waste Transfers – Waste Carriers | O41: 0 | P41: 0 | Q41: Wildlife trade / Species Protection & Control border movements | R41: 0 | S41: 0 | T41: Development / Development permit related | U41: 0 | V41: 0
F42: Quarries and related Industries | G42: 0 | H42: 0 | I42: 0 | J42: 0 | K42: Quarries and related Industries | L42: 0 | M42: 0 | N42: Shipments of waste | O42: 0 | P42: 0 | Q42: Wildlife Trade / Species Protection & Control excluding border movements | R42: 0 | S42: 0 | T42: AERs - Annual Environment Reports | U42: 0 | V42: 0
F43: Manufacturing operations | G43: 0 | H43: 0 | I43: 0 | J43: 0 | K43: Manufacturing operations | L43: 0 | M43: 0 | N43: Recycling points | O43: 0 | P43: 0 | Q43: GMOs - Genetically Modified Organisms | R43: 0 | S43: 0 | T43: Litter | U43: 0 | V43: 0
F44: Pharmaceutical industry | G44: 0 | H44: 0 | I44: 0 | J44: 0 | K44: Pharmaceutical industry | L44: 0 | M44: 0 | N44: Extended Producer Responsibility | O44: 0 | P44: 0 | Q44: FLEGT - Forest Law Enforcement, Governance and Trade | R44: 0 | S44: 0 | T44: Development Permit Clearances | U44: 0 | V44: 0
F45: Petrol Stations | G45: 0 | H45: 0 | I45: 0 | J45: 0 | K45: Petrol Stations | L45: 0 | M45: 0 | N45: Consignment notes | O45: 0 | P45: 0 | Q45: EUTR/EUDR - EU Timber Regulations / EU Deforestation Regulation | R45: 0 | S45: 0 | T45: Nature Activity Reports | U45: 0 | V45: 0
F46: VOCs - Volatile Organic Compounds | G46: 0 | H46: 0 | I46: 0 | J46: 0 | K46: VOCs - Volatile Organic Compounds | L46: 0 | M46: 0 | N46: Disposal at Sea | O46: 0 | P46: 0 | Q46: SUPs - Movement and Importation | R46: 0 | S46: 0 | T46: CCTVs | U46: 0 | V46: 0
F47: MCPs - Medium Combustion Plants | G47: 0 | H47: 0 | I47: 0 | J47: 0 | K47: MCPs - Medium Combustion Plants | L47: 0 | M47: 0 | Q47: SUPs - Placing on the Market | R47: 0 | S47: 0 | T47: EP Consultations | U47: 0 | V47: 0
F48: Maintenance Industries | G48: 0 | H48: 0 | I48: 0 | J48: 0 | K48: Maintenance Industries | L48: 0 | M48: 0 | T48: Strategy / Policy Consultations | U48: 0 | V48: 0
F49: Quarry drone surveys | G49: 0 | H49: 0 | I49: 0 | J49: 0 | K49: Quarry drone surveys | L49: 0 | M49: 0 | T49: Smoking Control on Beaches | U49: 0 | V49: 0
F50: Waste Dumping | G50: 0 | H50: 0 | I50: 0 | J50: 0 | K50: Waste Dumping | L50: 0 | M50: 0 | T50: Not ERA Remit | U50: 0 | V50: 0
C51: ADDITIONAL INFORMATION Issued ORDERS should only be limited to reporting year. Closed ORDERS should include all ORDERS closed in reporting year. | F51: Waste Incineration | G51: 0 | H51: 0 | I51: 0 | J51: 0 | K51: Waste Incineration | L51: 0 | M51: 0
F52: Farm operations | G52: 0 | H52: 0 | I52: 0 | J52: 0 | K52: Farm operations | L52: 0 | M52: 0
F53: Aquaculture | G53: 0 | H53: 0 | I53: 0 | J53: 0 | K53: Aquaculture | L53: 0 | M53: 0
F54: COMAH - Control of Major Accident Hazards | G54: 0 | H54: 0 | I54: 0 | J54: 0 | K54: COMAH - Control of Major Accident Hazards | L54: 0 | M54: 0
F55: LCPs, STPs, ROs, NFRP and Port Facilities | G55: 0 | H55: 0 | I55: 0 | J55: 0 | K55: LCPs, STPs, ROs, NFRP and Port Facilities | L55: 0 | M55: 0
F56: Fuel Terminals | G56: 0 | H56: 0 | I56: 0 | J56: 0 | K56: Fuel Terminals | L56: 0 | M56: 0
F57: Construction / Demolition -related marine pollution | G57: 0 | H57: 0 | I57: 0 | J57: 0 | K57: Construction / Demolition -related marine pollution | L57: 0 | M57: 0
F58: Hotels and hospitality | G58: 0 | H58: 0 | I58: 0 | J58: 0 | K58: Hotels and hospitality | L58: 0 | M58: 0
F59: Groundwater (Boreholes) | G59: 0 | H59: 0 | I59: 0 | J59: 0 | K59: Groundwater (Boreholes) | L59: 0 | M59: 0
F60: Sewage in sea | G60: 0 | H60: 0 | I60: 0 | J60: 0 | K60: Sewage in sea | L60: 0 | M60: 0
F61: Exceedances in emissions/discharges | G61: 0 | H61: 0 | I61: 0 | J61: 0 | K61: Exceedances in emissions/discharges | L61: 0 | M61: 0
F62: Tree Protection | G62: 0 | H62: 0 | I62: 0 | J62: 0 | K62: Tree Protection | L62: 0 | M62: 0
F63: Species Protection | G63: 0 | H63: 0 | I63: 0 | J63: 0 | K63: Species Protection | L63: 0 | M63: 0
... F70: Oil Spills / Major Incidents | G70: 0 | H70: 0 | I70: 0 | J70: 0 | K70: Oil Spills / Major Incidents | L70: 0 | M70: 0
B74: 3 | C74: Statistics Item | D74: Total | F74: North Region | K74: South Region | N74: Market Surveillance | Q74: Border Control | T74: Operations + Admin
C75: Total Number & Description of Direct Actions / Clean-Ups | D75: =SUM(G77,I77,L77,O77,R77,U77) -> 0 | G75: Total | L75: Total | O75: Total | R75: Total | U75: Total
G76: Malta | I76: Gozo
G77: =SUM(G78:H109) -> 0 | I77: =SUM(I78:J109) -> 0 | L77: =SUM(L78:M109) -> 0 | O77: =SUM(O78:P84) -> 0 | R77: =SUM(R78:S85) -> 0 | U77: =SUM(U78:V85) -> 0
F78: Waste Management Facilities | G78: 0 | H78: 0 | I78: 0 | J78: 0 | K78: Waste Management Facilities | L78: 0 | M78: 0 | N78: Local Waste Transfers – Waste Carriers | O78: 0 | P78: 0 | Q78: Wildlife trade / Species Protection & Control border movements | R78: 0 | S78: 0 | T78: Development / Development permit related | U78: 0 | V78: 0
F79: Quarries and related Industries | G79: 0 | H79: 0 | I79: 0 | J79: 0 | K79: Quarries and related Industries | L79: 0 | M79: 0 | N79: Shipments of waste | O79: 0 | P79: 0 | Q79: Wildlife Trade / Species Protection & Control excluding border movements | R79: 0 | S79: 0 | T79: AERs - Annual Environment Reports | U79: 0 | V79: 0
F80: Manufacturing operations | G80: 0 | H80: 0 | I80: 0 | J80: 0 | K80: Manufacturing operations | L80: 0 | M80: 0 | N80: Recycling points | O80: 0 | P80: 0 | Q80: GMOs - Genetically Modified Organisms | R80: 0 | S80: 0 | T80: Litter | U80: 0 | V80: 0
F81: Pharmaceutical industry | G81: 0 | H81: 0 | I81: 0 | J81: 0 | K81: Pharmaceutical industry | L81: 0 | M81: 0 | N81: Extended Producer Responsibility | O81: 0 | P81: 0 | Q81: FLEGT - Forest Law Enforcement, Governance and Trade | R81: 0 | S81: 0 | T81: Development Permit Clearances | U81: 0 | V81: 0
F82: Petrol Stations | G82: 0 | H82: 0 | I82: 0 | J82: 0 | K82: Petrol Stations | L82: 0 | M82: 0 | N82: Consignment notes | O82: 0 | P82: 0 | Q82: EUTR/EUDR - EU Timber Regulations / EU Deforestation Regulation | R82: 0 | S82: 0 | T82: Nature Activity Reports | U82: 0 | V82: 0
F83: VOCs - Volatile Organic Compounds | G83: 0 | H83: 0 | I83: 0 | J83: 0 | K83: VOCs - Volatile Organic Compounds | L83: 0 | M83: 0 | N83: Disposal at Sea | O83: 0 | P83: 0 | Q83: SUPs - Movement and Importation | R83: 0 | S83: 0 | T83: CCTVs | U83: 0 | V83: 0
F84: MCPs - Medium Combustion Plants | G84: 0 | H84: 0 | I84: 0 | J84: 0 | K84: MCPs - Medium Combustion Plants | L84: 0 | M84: 0 | Q84: SUPs - Placing on the Market | R84: 0 | S84: 0 | T84: EP Consultations | U84: 0 | V84: 0
F85: Maintenance Industries | G85: 0 | H85: 0 | I85: 0 | J85: 0 | K85: Maintenance Industries | L85: 0 | M85: 0 | T85: Strategy / Policy Consultations | U85: 0 | V85: 0
F86: Quarry drone surveys | G86: 0 | H86: 0 | I86: 0 | J86: 0 | K86: Quarry drone surveys | L86: 0 | M86: 0 | T86: Smoking Control on Beaches | U86: 0 | V86: 0
F87: Waste Dumping | G87: 0 | H87: 0 | I87: 0 | J87: 0 | K87: Waste Dumping | L87: 0 | M87: 0 | T87: Not ERA Remit | U87: 0 | V87: 0
C88: ADDITIONAL INFORMATION Teams are urged to suggest additional Actions if needed to prevent instances of 0 data when no actions take place. | F88: Waste Incineration | G88: 0 | H88: 0 | I88: 0 | J88: 0 | K88: Waste Incineration | L88: 0 | M88: 0
F89: Farm operations | G89: 0 | H89: 0 | I89: 0 | J89: 0 | K89: Farm operations | L89: 0 | M89: 0
F90: Aquaculture | G90: 0 | H90: 0 | I90: 0 | J90: 0 | K90: Aquaculture | L90: 0 | M90: 0
F91: COMAH - Control of Major Accident Hazards | G91: 0 | H91: 0 | I91: 0 | J91: 0 | K91: COMAH - Control of Major Accident Hazards | L91: 0 | M91: 0
F92: LCPs, STPs, ROs, NFRP and Port Facilities | G92: 0 | H92: 0 | I92: 0 | J92: 0 | K92: LCPs, STPs, ROs, NFRP and Port Facilities | L92: 0 | M92: 0
F93: Fuel Terminals | G93: 0 | H93: 0 | I93: 0 | J93: 0 | K93: Fuel Terminals | L93: 0 | M93: 0
F94: Construction / Demolition -related marine pollution | G94: 0 | H94: 0 | I94: 0 | J94: 0 | K94: Construction / Demolition -related marine pollution | L94: 0 | M94: 0
F95: Hotels and hospitality | G95: 0 | H95: 0 | I95: 0 | J95: 0 | K95: Hotels and hospitality | L95: 0 | M95: 0
F96: Groundwater (Boreholes) | G96: 0 | H96: 0 | I96: 0 | J96: 0 | K96: Groundwater (Boreholes) | L96: 0 | M96: 0
F97: Sewage in sea | G97: 0 | H97: 0 | I97: 0 | J97: 0 | K97: Sewage in sea | L97: 0 | M97: 0
F98: Exceedances in emissions/discharges | G98: 0 | H98: 0 | I98: 0 | J98: 0 | K98: Exceedances in emissions/discharges | L98: 0 | M98: 0
F99: Tree Protection | G99: 0 | H99: 0 | I99: 0 | J99: 0 | K99: Tree Protection | L99: 0 | M99: 0
F100: Species Protection | G100: 0 | H100: 0 | I100: 0 | J100: 0 | K100: Species Protection | L100: 0 | M100: 0
... F107: Oil Spills / Major Incidents | G107: 0 | H107: 0 | I107: 0 | J107: 0 | K107: Oil Spills / Major Incidents | L107: 0 | M107: 0
B111: 4 | C111: Statistics Item | D111: Total | F111: North Region | K111: South Region | N111: Market Surveillance | Q111: Border Control | T111: Operations + Admin
C112: Total Administrative Fines Issued and Settled (by payment and/or remediation) | D112: Issued | E112: Closed (paid & remediated) *remediated when required | G112: Issued | I112: Closed (paid & remediated) *remediated when required | L112: Issued | M112: Closed (paid & remediated) *remediated when required | O112: Issued | P112: Closed (paid & remediated) *remediated when required | R112: Issued | S112: Closed (paid & remediated) *remediated when required | U112: Issued | V112: Closed (paid & remediated) *remediated when required
D113: =SUM(G113,H113,L113,O113,R113,U113) -> 0 | E113: =SUM(I113,J113,M113,P113,S113,V113) -> 0 | G113: =SUM(G115:G146) -> 0 | H113: =SUM(H115:H146) -> 0 | I113: =SUM(I115:I146) -> 0 | J113: =SUM(J115:J146) -> 0 | L113: =SUM(L115:L146) -> 0 | M113: =SUM(M115:M146) -> 0 | O113: =SUM(O115:O121) -> 0 | P113: =SUM(P115:P121) -> 0 | R113: =SUM(R115:R122) -> 0 | S113: =SUM(S115:S122) -> 0 | U113: =SUM(U115:U123) -> 0 | V113: =SUM(V115:V123) -> 0
G114: Malta | H114: Gozo | I114: Malta | J114: Gozo
F115: Waste Management Facilities | G115: 0 | H115: 0 | I115: 0 | J115: 0 | K115: Waste Management Facilities | L115: 0 | M115: 0 | N115: Local Waste Transfers – Waste Carriers | O115: 0 | P115: 0 | Q115: Wildlife trade / Species Protection & Control border movements | R115: 0 | S115: 0 | T115: Development / Development permit related | U115: 0 | V115: 0
F116: Quarries and related Industries | G116: 0 | H116: 0 | I116: 0 | J116: 0 | K116: Quarries and related Industries | L116: 0 | M116: 0 | N116: Shipments of waste | O116: 0 | P116: 0 | Q116: Wildlife Trade / Species Protection & Control excluding border movements | R116: 0 | S116: 0 | T116: AERs - Annual Environment Reports | U116: 0 | V116: 0
F117: Manufacturing operations | G117: 0 | H117: 0 | I117: 0 | J117: 0 | K117: Manufacturing operations | L117: 0 | M117: 0 | N117: Recycling points | O117: 0 | P117: 0 | Q117: GMOs - Genetically Modified Organisms | R117: 0 | S117: 0 | T117: Litter | U117: 0 | V117: 0
F118: Pharmaceutical industry | G118: 0 | H118: 0 | I118: 0 | J118: 0 | K118: Pharmaceutical industry | L118: 0 | M118: 0 | N118: Extended Producer Responsibility | O118: 0 | P118: 0 | Q118: FLEGT - Forest Law Enforcement, Governance and Trade | R118: 0 | S118: 0 | T118: Development Permit Clearances | U118: 0 | V118: 0
F119: Petrol Stations | G119: 0 | H119: 0 | I119: 0 | J119: 0 | K119: Petrol Stations | L119: 0 | M119: 0 | N119: Consignment notes | O119: 0 | P119: 0 | Q119: EUTR/EUDR - EU Timber Regulations / EU Deforestation Regulation | R119: 0 | S119: 0 | T119: Nature Activity Reports | U119: 0 | V119: 0
F120: VOCs - Volatile Organic Compounds | G120: 0 | H120: 0 | I120: 0 | J120: 0 | K120: VOCs - Volatile Organic Compounds | L120: 0 | M120: 0 | N120: Disposal at Sea | O120: 0 | P120: 0 | Q120: SUPs - Movement and Importation | R120: 0 | S120: 0 | T120: CCTVs | U120: 0 | V120: 0
F121: MCPs - Medium Combustion Plants | G121: 0 | H121: 0 | I121: 0 | J121: 0 | K121: MCPs - Medium Combustion Plants | L121: 0 | M121: 0 | Q121: SUPs - Placing on the Market | R121: 0 | S121: 0 | T121: EP Consultations | U121: 0 | V121: 0
C122: ADDITIONAL INFORMATION This data will be collected by CED Operations: Fines Issued should only be limited to cases for reporting year Fines Paid should include all Fines Paid during reporting year (including Fines issued prior to that year but Paid during reporting year) | F122: Maintenance Industries | G122: 0 | H122: 0 | I122: 0 | J122: 0 | K122: Maintenance Industries | L122: 0 | M122: 0 | T122: Strategy / Policy Consultations | U122: 0 | V122: 0
F123: Quarry drone surveys | G123: 0 | H123: 0 | I123: 0 | J123: 0 | K123: Quarry drone surveys | L123: 0 | M123: 0 | T123: Smoking Control on Beaches | U123: 0 | V123: 0
F124: Waste Dumping | G124: 0 | H124: 0 | I124: 0 | J124: 0 | K124: Waste Dumping | L124: 0 | M124: 0 | T124: Not ERA Remit | U124: 0 | V124: 0
F125: Waste Incineration | G125: 0 | H125: 0 | I125: 0 | J125: 0 | K125: Waste Incineration | L125: 0 | M125: 0
F126: Farm operations | G126: 0 | H126: 0 | I126: 0 | J126: 0 | K126: Farm operations | L126: 0 | M126: 0
F127: Aquaculture | G127: 0 | H127: 0 | I127: 0 | J127: 0 | K127: Aquaculture | L127: 0 | M127: 0
F128: COMAH - Control of Major Accident Hazards | G128: 0 | H128: 0 | I128: 0 | J128: 0 | K128: COMAH - Control of Major Accident Hazards | L128: 0 | M128: 0
F129: LCPs, STPs, ROs, NFRP and Port Facilities | G129: 0 | H129: 0 | I129: 0 | J129: 0 | K129: LCPs, STPs, ROs, NFRP and Port Facilities | L129: 0 | M129: 0
...

Sheet August
B2: 1 | C2: Statistics Item | D2: Total | F2: North Region | K2: South Region | N2: Market Surveillance | Q2: Border Control | T2: Operations + Admin
C3: Total Cases and/or Complaints (Internal & External) received and closed | D3: Opened | E3: Closed | G3: Opened - Malta | H3: Opened - Gozo | I3: Closed - Malta | J3: Closed - Gozo | L3: Opened | M3: Closed | O3: Opened | P3: Closed | R3: Opened | S3: Closed | U3: Opened | V3: Closed
D4: =SUM(G4,H4,L4,O4,R4,U4) -> 0 | E4: =SUM(I4,J4,M4,P4,S4,V4) -> 0 | G4: =SUM(G5:G34) -> 0 | H4: =SUM(H5:H34) -> 0 | I4: =SUM(I5:I34) -> 0 | J4: =SUM(J5:J34) -> 0 | L4: =SUM(L5:L34) -> 0 | M4: =SUM(M5:M34) -> 0 | O4: =SUM(O5:O10) -> 0 | P4: =SUM(P5:P10) -> 0 | R4: =SUM(R5:R11) -> 0 | S4: =SUM(S5:S11) -> 0 | U4: =SUM(U5:U13) -> 0 | V4: =SUM(V5:V13) -> 0
F5: Waste Management Facilities | G5: 0 | H5: 0 | I5: 0 | J5: 0 | K5: Waste Management Facilities | L5: 0 | M5: 0 | N5: Local Waste Transfers – Waste Carriers | O5: 0 | P5: 0 | Q5: Wildlife trade / Species Protection & Control border movements | R5: 0 | S5: 0 | T5: Development / Development permit related | U5: 0 | V5: 0
F6: Quarries and related Industries | G6: 0 | H6: 0 | I6: 0 | J6: 0 | K6: Quarries and related Industries | L6: 0 | M6: 0 | N6: Shipments of waste | O6: 0 | P6: 0 | Q6: Wildlife Trade / Species Protection & Control excluding border movements | R6: 0 | S6: 0 | T6: AERs - Annual Environment Reports | U6: 0 | V6: 0
F7: Manufacturing operations | G7: 0 | H7: 0 | I7: 0 | J7: 0 | K7: Manufacturing operations | L7: 0 | M7: 0 | N7: Recycling points | O7: 0 | P7: 0 | Q7: GMOs - Genetically Modified Organisms | R7: 0 | S7: 0 | T7: Litter | U7: 0 | V7: 0
F8: Pharmaceutical industry | G8: 0 | H8: 0 | I8: 0 | J8: 0 | K8: Pharmaceutical industry | L8: 0 | M8: 0 | N8: Extended Producer Responsibility | O8: 0 | P8: 0 | Q8: FLEGT - Forest Law Enforcement, Governance and Trade | R8: 0 | S8: 0 | T8: Development Permit Clearances | U8: 0 | V8: 0
F9: Petrol Stations | G9: 0 | H9: 0 | I9: 0 | J9: 0 | K9: Petrol Stations | L9: 0 | M9: 0 | N9: Consignment notes | O9: 0 | P9: 0 | Q9: EUTR/EUDR - EU Timber Regulations / EU Deforestation Regulation | R9: 0 | S9: 0 | T9: Nature Activity Reports | U9: 0 | V9: 0
F10: VOCs - Volatile Organic Compounds | G10: 0 | H10: 0 | I10: 0 | J10: 0 | K10: VOCs - Volatile Organic Compounds | L10: 0 | M10: 0 | N10: Disposal at Sea | O10: 0 | P10: 0 | Q10: SUPs - Movement and Importation | R10: 0 | S10: 0 | T10: CCTVs | U10: 0 | V10: 0
F11: MCPs - Medium Combustion Plants | G11: 0 | H11: 0 | I11: 0 | J11: 0 | K11: MCPs - Medium Combustion Plants | L11: 0 | M11: 0 | Q11: SUPs - Placing on the Market | R11: 0 | S11: 0 | T11: EP Consultations | U11: 0 | V11: 0
C12: ADDITIONAL INFORMATION This data will be collected by CED Operations/Admin: - Cases Opened during reporting year - Cases Closed only during reporting year (including cases opened in years prior to the reporting year) | F12: Maintenance Industries | G12: 0 | H12: 0 | I12: 0 | J12: 0 | K12: Maintenance Industries | L12: 0 | M12: 0 | T12: Strategy / Policy Consultations | U12: 0 | V12: 0
F13: Quarry drone surveys | G13: 0 | H13: 0 | I13: 0 | J13: 0 | K13: Quarry drone surveys | L13: 0 | M13: 0 | T13: Smoking Control on Beaches | U13: 0 | V13: 0
F14: Waste Dumping | G14: 0 | H14: 0 | I14: 0 | J14: 0 | K14: Waste Dumping | L14: 0 | M14: 0 | T14: Not ERA Remit | U14: 0 | V14: 0
F15: Waste Incineration | G15: 0 | H15: 0 | I15: 0 | J15: 0 | K15: Waste Incineration | L15: 0 | M15: 0
F16: Farm operations | G16: 0 | H16: 0 | I16: 0 | J16: 0 | K16: Farm operations | L16: 0 | M16: 0
F17: Aquaculture | G17: 0 | H17: 0 | I17: 0 | J17: 0 | K17: Aquaculture | L17: 0 | M17: 0
F18: COMAH - Control of Major Accident Hazards | G18: 0 | H18: 0 | I18: 0 | J18: 0 | K18: COMAH - Control of Major Accident Hazards | L18: 0 | M18: 0
F19: LCPs, STPs, ROs, NFRP and Port Facilities | G19: 0 | H19: 0 | I19: 0 | J19: 0 | K19: LCPs, STPs, ROs, NFRP and Port Facilities | L19: 0 | M19: 0
F20: Fuel Terminals | G20: 0 | H20: 0 | I20: 0 | J20: 0 | K20: Fuel Terminals | L20: 0 | M20: 0
F21: Construction / Demolition -related marine pollution | G21: 0 | H21: 0 | I21: 0 | J21: 0 | K21: Construction / Demolition -related marine pollution | L21: 0 | M21: 0
